page_downloaded_day,cases_cumulative,cases_current,deaths_cumulative,ice_date_updated,page_id
2020-03-24,1.0,,,2020-03-24 22:19:00,0e40e8ce107e8267361830b71e82d229
2020-03-25,1.0,,,2020-03-24 22:19:00,2c51b8e26beb030e53e410c126030023
2020-03-26,2.0,,,2020-03-26 23:04:00,fc070ab3343ae77d682a557fe9be9786
2020-03-27,2.0,,,2020-03-26 23:04:00,46d908ecc3e363501e3e2f896618324f
2020-03-28,2.0,,,2020-03-26 23:04:00,8cefafd24ac66feb76bbfd5c9795b1f0
2020-03-29,2.0,,,2020-03-26 23:04:00,e584c2d9d3017041cb429cd86573ac19
2020-03-30,4.0,,,2020-03-30 20:55:00,1a3c7cf80032f56c2123d5ef9895c8a8
2020-03-31,4.0,,,2020-03-30 20:55:00,e2f2a417ea1b1bf81c3f0f950d5a167a
2020-04-01,6.0,,,2020-03-30 20:55:00,bb9d58d22b788cd20ff41b5e15c1e55e
2020-04-02,6.0,,,2020-04-01 23:21:00,bfd6a501f7fe09ad2cc426e558b400c9
2020-04-03,8.0,,,2020-04-03 23:46:00,3f3d382aa4cf8c7668f1be6d0a16ed10
2020-04-04,13.0,,,2020-04-05 00:00:00,7e2c4936082c06702f0106f842e1e134
2020-04-05,13.0,,,2020-04-05 00:00:00,83ad5cddcb36d0a07b468aa2f41829ee
2020-04-06,13.0,,,2020-04-05 00:00:00,e0bba16c8ca9865d35b7f75e7285b4f4
2020-04-07,19.0,,,2020-04-07 21:20:00,9995715efe51a1f5b552069f837dcde9
2020-04-08,32.0,,,2020-04-08 17:49:00,0234955d45b490bed89a2dd975cfbb78
2020-04-09,48.0,,,2020-04-09 22:30:00,d0fd2db46ee1c37306d54f8ad6e1204f
2020-04-10,61.0,,,2020-04-10 21:35:00,887dbd2a7569b5315d257354f89b123f
2020-04-11,61.0,,,2020-04-10 21:35:00,8ae22e61c1cb6ea5b0d656572049adad
2020-04-12,61.0,,,2020-04-10 21:35:00,9b4a24350746a5736ff9c3ae52e64f62
2020-04-13,72.0,,,2020-04-13 15:43:00,14b7c75516b68621358af9de048843fa
2020-04-14,77.0,,,2020-04-14 15:15:00,8f43a191205924291b22b1dfd591e0b4
2020-04-15,91.0,,,2020-04-15 16:15:00,611a91ef21bbb71719266378dcfe9360
2020-04-16,100.0,,,2020-04-16 18:00:00,e703837d9fff130f800dc0e7c856206f
2020-04-17,124.0,,,2020-04-18 00:00:00,2b25f8e023757b34c77247dcd1303bfe
2020-04-18,124.0,,,2020-04-18 00:00:00,cc4f9dda9e33b47c5db09092c2b9dda3
2020-04-19,124.0,,,2020-04-18 00:00:00,3ebd1023269dec51277605acf54dcc4d
2020-04-20,220.0,,,2020-04-20 21:40:00,4d72b60a473771ef6ebb89ea9d33ba62
2020-04-21,253.0,,,2020-04-21 21:45:00,b04928f6352eb3f2adba6f1da3e5c947
2020-04-22,287.0,,,2020-04-22 21:15:00,e3d70984e74af898443ef949a95e4c58
2020-04-23,297.0,,,2020-04-23 21:45:00,917168ee27ca6b55cb1ed48a30721973
2020-04-24,317.0,,,2020-04-24 21:00:00,35ec146be66793dd878b8f5616540822
2020-04-25,317.0,,,2020-04-24 21:00:00,c7bbac8e177b24a64b8d6b5bfbf42181
2020-04-26,317.0,,,2020-04-24 21:00:00,dc472cd41683b3b77ccf1aff7f1c5ccb
2020-04-27,360.0,,,2020-04-27 21:45:00,6891e8d3c2f868c5dae359d716fcf6ef
2020-04-28,425.0,,,2020-04-28 22:00:00,cdb14b79fdbce300bc69e9f1bfcced8a
2020-04-29,449.0,,,2020-04-29 23:30:00,ba04b907f67d3056a98228b67ff23251
2020-04-30,490.0,,,2020-04-30 21:00:00,45981e7f78f3c57b5f9e51ce0462c3c3
2020-05-01,522.0,,,2020-05-01 21:30:00,cf8391e242ab49e87a9ce086b715e647
2020-05-02,522.0,,,2020-05-01 21:30:00,8f4213dd2e2ee40c3fe862a696dbbfc6
2020-05-03,522.0,,,2020-05-01 21:30:00,04413923950e6d20de85bd749f524587
2020-05-04,606.0,,,2020-05-04 21:10:00,2634d823fa2ac079721872161d3b4bd3
2020-05-05,674.0,,,2020-05-05 21:15:00,28b9187cd20de9219fad2b126446be20
2020-05-06,705.0,,,2020-05-06 21:00:00,e36967cb879aced0bff90c7aafa6e115
2020-05-07,753.0,,,2020-05-07 21:30:00,5a844a4c636a295ec2af6b26ec5a2790
2020-05-08,788.0,,,2020-05-08 21:40:00,4025bb93338a5980be893554bb9eb82d
2020-05-09,788.0,,,2020-05-08 21:40:00,3f9a6984d5d0642205c72e3ab251e6c6
2020-05-10,788.0,,,2020-05-08 21:40:00,abf612d005999044a317c102dd962aae
2020-05-11,869.0,,,2020-05-11 22:30:00,0a60014f29eb55765c1829d36c778f60
2020-05-12,881.0,,,2020-05-12 21:05:00,1a5f108706c98bc27399c7097599d8e8
2020-05-13,943.0,,,2020-05-13 21:30:00,0b3cf5c2dfd863429f95b12e9d818049
2020-05-14,965.0,,,2020-05-14 21:36:00,e140d6f43a01523ff62e5de36c338883
2020-05-15,986.0,,,2020-05-15 21:05:00,5da26598dd7f16b773ac6ee4b269b0c8
2020-05-16,986.0,,,2020-05-15 21:05:00,c4daa44353206f8d3df1be4913ae1814
2020-05-17,986.0,,,2020-05-15 21:05:00,2298bd467c3d05e73ad83f3e6f74198d
2020-05-18,1073.0,,,2020-05-18 22:25:00,d83100828621df99bd1998f39fa3f305
2020-05-19,1145.0,,,2020-05-19 22:30:00,278dd2cec79eaac3b7a9056a3a61ae2c
2020-05-20,1163.0,,,2020-05-20 21:30:00,2b0ef90d12866450d88f99b3696859df
2020-05-21,1181.0,,,2020-05-21 20:40:00,5d08843c19f624b3f2b007c77ead3f3f
2020-05-22,1201.0,,,2020-05-22 20:00:00,6a6fbec5fe0e21da2f60b59799510c0a
2020-05-23,1201.0,,,2020-05-22 20:00:00,9375a0beeed0b2947c3c5f9306dca6dd
2020-05-24,1201.0,,,2020-05-22 20:00:00,8eb12a706bc09f45640af25addfdd76b
2020-05-25,1201.0,,,2020-05-22 20:00:00,89acdb6f279a18247d435f6ce14b2070
2020-05-26,1312.0,,,2020-05-26 21:15:00,0d05a94e9a715bd6d9c96ce1604b6f60
2020-05-27,1327.0,,,2020-05-27 21:00:00,ff0ac4d391976e342025584d8790b59e
2020-05-28,1392.0,,,2020-05-28 22:00:00,58c36583389cea018f394a816e01428b
2020-05-29,1406.0,,,2020-05-29 21:15:00,6d513bea57dd3774d6a3424f58e7fe50
2020-05-30,1406.0,,,2020-05-29 21:15:00,2180614192d5ecbbbe7d6c152c28dd94
2020-05-31,1406.0,,,2020-05-29 21:15:00,5d508bb3323658abeb844ebfde9227c9
2020-06-01,1461.0,754.0,2.0,2020-06-01 14:46:00,1f8dbd440b0bdda535aab98ddbc7016b
2020-06-02,1461.0,754.0,2.0,2020-06-01 14:46:00,40475aeed0ba9e89d32b51700aba7be7
2020-06-03,1579.0,813.0,2.0,2020-06-03 16:20:00,854a6e77389f4c89a9bd229fe7135429
2020-06-04,1595.0,818.0,2.0,2020-06-04 13:25:00,4f5b9ddfd7e477fbc9a7eac6e1d969a8
2020-06-05,1623.0,781.0,2.0,2020-06-05 18:40:00,3d4f33a541ee9aac66fffc630c17ae95
2020-06-06,1623.0,781.0,2.0,2020-06-05 18:40:00,00d852182216a98e2cec679e96b2bcd7
2020-06-07,1623.0,781.0,2.0,2020-06-05 18:40:00,92b525f76046b7156412e8f52eec85a6
2020-06-08,1709.0,838.0,2.0,2020-06-08 17:10:00,a672f622142353f708628d518534bc70
2020-06-09,1709.0,838.0,2.0,2020-06-08 17:10:00,7dc37e337ba325adef4884693c97bad1
2020-06-10,1780.0,788.0,2.0,2020-06-10 16:45:00,8c5667e1222308318496a373bcc094d1
2020-06-11,1810.0,801.0,2.0,2020-06-11 18:00:00,232f2bcd6eb278485099dbf25127db1f
2020-06-12,1849.0,785.0,2.0,2020-06-12 16:25:00,94a6a89cfab1fcf13777bb63432a0ec9
2020-06-13,1849.0,785.0,2.0,2020-06-12 16:25:00,2f67a85eddd8a1b47cfb012879fb132b
2020-06-14,1849.0,785.0,2.0,2020-06-12 16:25:00,6c3d5d4e78dc5edfc9560fdee216e7a0
2020-06-15,2016.0,929.0,2.0,2020-06-15 16:40:00,785b00c1947507074a3cca1171323fbf
2020-06-16,2059.0,947.0,2.0,2020-06-16 19:15:00,8221e19b722a54d5333db135ff0efda2
2020-06-17,2110.0,871.0,2.0,2020-06-17 18:35:00,f9ad4f6dc4fc2e2db8087517e5cd5229
2020-06-18,2165.0,907.0,2.0,2020-06-18 19:45:00,54b3ff64b89d29595704487a58007bd3
2020-06-19,2210.0,818.0,2.0,2020-06-19 14:25:00,1d80baf122d33809edf44b3a323cba6c
2020-06-20,2210.0,818.0,2.0,2020-06-19 14:25:00,559cbb6b263dcc0d359c60ccab242b16
2020-06-21,2210.0,818.0,2.0,2020-06-19 14:25:00,a70c8addbd306e86ce21cbd7f9dccf11
2020-06-22,2343.0,863.0,2.0,2020-06-22 15:15:00,3b1b21cce984e3f5a9ae9113b31e1e83
2020-06-23,2403.0,837.0,2.0,2020-06-23 15:45:00,9b41d9d88d992fa30c0ec8c25a218907
2020-06-24,2489.0,899.0,2.0,2020-06-24 19:15:00,0a3fe897ddaea24f646f465e9990cfe0
2020-06-25,2521.0,810.0,2.0,2020-06-25 17:30:00,de4dd0952a6e3511ea2a87d55775cdce
2020-06-26,2572.0,751.0,2.0,2020-06-26 19:05:00,1106dbe3bf9233f63a68352b215d6ec8
2020-06-27,2572.0,751.0,2.0,2020-06-26 19:05:00,2e0c8f97062c281afa072aa36853c6b0
2020-06-28,2572.0,751.0,2.0,2020-06-26 19:05:00,491a817cc8f8705fd05b6733401f8792
2020-06-29,2675.0,793.0,2.0,2020-06-29 17:00:00,27d25d58bbcee75392f17d72242949dd
2020-06-30,2708.0,808.0,2.0,2020-06-30 17:10:00,7400d41c5629cb0f12713609d1598965
2020-07-01,2742.0,752.0,2.0,2020-07-01 12:00:00,58e61a768bb22e61eca72fb1fd26f7f7
2020-07-02,2742.0,752.0,2.0,2020-07-01 12:00:00,faa13308542440e6da7db7fa2719eea3
2020-07-03,2742.0,752.0,2.0,2020-07-01 12:00:00,03661af2a6902cc3b8834f1bb05f680b
2020-07-04,2742.0,752.0,2.0,2020-07-01 12:00:00,afc7b5e281a7e5ee5d482ec1f650d3f7
2020-07-05,2742.0,752.0,2.0,2020-07-01 12:00:00,c9357648c58c4102b3ee9d0d8bff856e
2020-07-06,2742.0,752.0,2.0,2020-07-01 12:00:00,a758267716a7a0be0760ba0c034e3b76
2020-07-07,2949.0,836.0,2.0,2020-07-07 18:45:00,14b81dca2437d8f24b32ae0dfe360feb
2020-07-08,3007.0,835.0,2.0,2020-07-08 21:30:00,900f99014b3a3bc57d9e5622bc39d28d
2020-07-09,3077.0,871.0,2.0,2020-07-09 18:30:00,c5e3ab2a627795de39fa994507935cdb
2020-07-10,3090.0,883.0,2.0,2020-07-10 19:45:00,ad1e96907ccf5c57c0fc12d967ab1ec2
2020-07-11,3090.0,883.0,2.0,2020-07-10 19:45:00,c6c6c11682c8379b452cfdd5a8765c69
2020-07-12,3090.0,883.0,2.0,2020-07-10 19:45:00,8bee24420ceb965a8231d080bf27ab20
2020-07-13,3183.0,949.0,2.0,2020-07-13 22:45:00,528eff09ed5adad43b35d652f1a41a5b
2020-07-14,3471.0,1175.0,3.0,2020-07-14 20:00:00,db78600ce901370223c411288d3a02a3
2020-07-15,3496.0,1169.0,3.0,2020-07-15 18:35:00,37d79f15c12efe880251340a80e92829
2020-07-16,3567.0,1110.0,3.0,2020-07-16 19:00:00,2b7bea6631ad706ba5a99f19badaccdf
2020-07-17,3596.0,967.0,3.0,2020-07-17 17:40:00,5b1e6b70507d01f404716b5a94166565
2020-07-18,3596.0,967.0,3.0,2020-07-17 17:40:00,627d1a24432052193c164dd1de38f355
2020-07-19,3596.0,967.0,3.0,2020-07-17 17:40:00,b119bbf6e47464b4f5752015a6b63b4f
2020-07-20,3657.0,924.0,3.0,2020-07-20 18:30:00,37382c67df9b6c137ce1510193206d58
2020-07-21,3731.0,933.0,3.0,2020-07-21 22:05:00,0ca1d0aac973906b9cb1a699d06f69e4
2020-07-22,3736.0,926.0,3.0,2020-07-22 19:05:00,493cb39c24c355583a57fd5ce9893e4d
2020-07-23,3781.0,966.0,3.0,2020-07-23 19:25:00,913c2f827c7ffd30a7434c25528c0f28
2020-07-24,3780.0,969.0,3.0,2020-07-24 21:25:00,5a070f6d3732deeebb92249730ba0e02
2020-07-25,3780.0,969.0,3.0,2020-07-24 21:25:00,b65795d3008d88c47f2e71d90284354d
2020-07-26,3780.0,969.0,3.0,2020-07-24 21:25:00,3be886232052720d2bb16d12cd160378
2020-07-27,3835.0,940.0,3.0,2020-07-27 22:15:00,f2ec4e2d0568690e59a20f06c6748aa1
2020-07-28,3868.0,963.0,3.0,2020-07-28 16:40:00,6781a9f156679f592fbd5986b6e75bee
2020-07-29,3917.0,941.0,3.0,2020-07-29 13:30:00,032e16f762d621e9f404188f86fa3478
2020-07-30,3936.0,944.0,3.0,2020-07-30 16:00:00,799fe8004cd83e2faec5e96ea39886cc
2020-07-31,3936.0,944.0,3.0,2020-07-30 16:00:00,1fb804f7cf35cd2e0a9d97e64bb6d5e1
2020-08-01,3936.0,944.0,3.0,2020-07-30 16:00:00,bb945a3656dc79fa39963208b7ad7a60
2020-08-02,3936.0,944.0,3.0,2020-07-30 16:00:00,66d37077988516e2f9c82c33c1718a12
2020-08-03,4038.0,961.0,3.0,2020-08-03 17:00:00,bfbda3e960810a7904f24bdf4240565e
2020-08-04,4080.0,908.0,3.0,2020-08-04 16:10:00,bfc873a604abd0d6474713e4bcab9ffd
2020-08-05,4131.0,862.0,3.0,2020-08-05 14:10:00,d60317e7a2aec626e1e355e33b7ed926
2020-08-06,4192.0,917.0,3.0,2020-08-06 15:40:00,059b03e4aaf54858536e5e95b8ffcc0e
2020-08-07,4250.0,911.0,4.0,2020-08-07 18:30:00,0b760dbfd9d8a02683dac1bec957a131
2020-08-08,4250.0,911.0,4.0,2020-08-07 18:30:00,6de44eaeafd1a23ad8b6e07f8460f2fa
2020-08-09,4250.0,911.0,4.0,2020-08-07 18:30:00,340e065dc363420356e435732b33af52
2020-08-10,4417.0,1065.0,4.0,2020-08-10 17:35:00,861e225fd2a8cd93c7a5c0a048014212
2020-08-11,4444.0,1084.0,4.0,2020-08-11 16:10:00,d6edced5d2ad67d50d0a16726a69dfb9
2020-08-12,4462.0,1078.0,5.0,2020-08-12 18:35:00,57b3897c9af0e140e61a5bebcc7656da
2020-08-13,4531.0,1147.0,5.0,2020-08-13 16:30:00,8c96c79cafeeedae49cfdfe658d8572c
2020-08-14,4568.0,1069.0,5.0,2020-08-14 18:45:00,fe4d27ab3ead36e03dd8837ef06c4168
2020-08-15,4568.0,1069.0,5.0,2020-08-14 18:45:00,d2b731ec9719fbfcab19bba1c5ab6fa5
2020-08-16,4568.0,1069.0,5.0,2020-08-14 18:45:00,577f5780b00e001bed798af6e2aa525a
2020-08-17,4657.0,1124.0,5.0,2020-08-17 16:05:00,86a6eab6da58c2db4dfb82c9936a99b3
2020-08-18,4702.0,1052.0,5.0,2020-08-18 17:50:00,55119910c5b2758f82ee0d9feacabebc
2020-08-19,4721.0,1040.0,5.0,2020-08-19 16:30:00,054395668c97b48daef4906cdf6f1205
2020-08-20,4743.0,801.0,5.0,2020-08-20 18:56:00,f96c8942524320e630f47a04ee722e0f
2020-08-21,4743.0,795.0,5.0,2020-08-21 14:30:00,8918aa306b767a2b7a71863bf3a389dd
2020-08-22,4743.0,795.0,5.0,2020-08-21 14:30:00,3db5279dce1730ccb36652473b2d9085
2020-08-23,4743.0,795.0,5.0,2020-08-21 14:30:00,069306d101d7fb176a019e0048d6b18b
2020-08-24,4872.0,914.0,5.0,2020-08-24 17:15:00,aaaf054eaf42ce586b0e7fad5c4ca2c4
2020-08-25,4924.0,951.0,5.0,2020-08-25 15:15:00,cfe3111116219779c7127660d81a8b1c
2020-08-26,5020.0,859.0,5.0,2020-08-26 18:50:00,dd09b433dab18b5e6b96942a4fc3c7d1
2020-08-27,5048.0,877.0,5.0,2020-08-27 17:50:00,96b1e0446a5ab83a81e87554102ceb59
2020-08-28,5300.0,850.0,5.0,2020-08-28 17:30:00,1df8ec1e9e3814d6a2cbbaba77bc18b4
2020-08-29,5300.0,850.0,5.0,2020-08-28 17:30:00,7f4cf98208c0338cc58fd9f3af60e5cd
2020-08-30,5300.0,850.0,5.0,2020-08-28 17:30:00,f24265233fc493dc4d5f8c6024f3fff8
2020-08-31,5355.0,814.0,6.0,2020-08-31 19:00:00,b067281c0b27ea4aaccadbe0d26c3e17
2020-09-01,5379.0,835.0,6.0,2020-09-01 21:20:00,8a644bfdc96c0bc2e1a2f1f6af0b9019
2020-09-02,5416.0,841.0,6.0,2020-09-02 18:15:00,c06de4c28a3be60546da75d26118e11c
2020-09-03,5416.0,841.0,6.0,2020-09-02 18:15:00,4a379bbc3bc3eff5cc374c6f6ccc746e
2020-09-04,5469.0,468.0,6.0,2020-09-04 15:45:00,1f42b363f595f9c64a9f33e6516476d1
2020-09-05,5469.0,468.0,6.0,2020-09-04 15:45:00,892fb3fbfe884970cbf979cc306853e3
2020-09-06,5469.0,468.0,6.0,2020-09-04 15:45:00,382492192431225ec7613afa644ef66d
2020-09-07,5469.0,468.0,6.0,2020-09-04 15:45:00,49e917d82063cd7a8e177b5a9949d190
2020-09-08,5605.0,587.0,6.0,2020-09-08 16:45:00,c50baafae4f35ab418cf75935017b0ed
2020-09-09,5640.0,612.0,6.0,2020-09-09 20:45:00,456def97d8a9f350bbe1a1559a8312b4
2020-09-10,5670.0,627.0,6.0,2020-09-10 19:00:00,831c62abc6cda5b1c77592e35895fda4
2020-09-11,5686.0,616.0,6.0,2020-09-11 14:05:00,2a942c9b089f5bf01f05d4ce19cb62d8
2020-09-12,5686.0,616.0,6.0,2020-09-11 14:05:00,4a2e173bf74a275af13dff52cc5b3636
2020-09-13,5686.0,616.0,6.0,2020-09-11 14:05:00,32be11c9f4ab8ecea9340b82b209d2c7
2020-09-14,5772.0,631.0,6.0,2020-09-14 22:00:00,1d203560070a13878a656569c4260a84
2020-09-15,5799.0,614.0,6.0,2020-09-15 18:20:00,10659161dd41626b82beb7ce57984737
2020-09-16,5810.0,554.0,6.0,2020-09-16 19:25:00,1d7c94da5121ceb210721d14cc9dcc64
2020-09-17,5832.0,570.0,6.0,2020-09-17 19:15:00,5c61f06cbc24cbb3b99fc9e19f932b65
2020-09-18,5878.0,572.0,6.0,2020-09-18 19:30:00,ec1cf3a7e246ea8e5c5b64378cbb8ef9
2020-09-19,5878.0,572.0,6.0,2020-09-18 19:30:00,1718952b0cf37b8ebc664e397ecd66f8
2020-09-20,5878.0,572.0,6.0,2020-09-18 19:30:00,723939d881e583f5ed2eeff1bda69c53
2020-09-21,6021.0,620.0,6.0,2020-09-18 20:40:00,2ac4af2f3b5eecb8f256c7e3c8d0d85a
2020-09-22,6044.0,634.0,7.0,2020-09-23 00:35:00,4aa1dee8d15ca20b0bd57ffd6314c90b
2020-09-23,6050.0,640.0,7.0,2020-09-23 19:05:00,d8c5387737c4c133144cc11ae4891274
2020-09-24,6074.0,596.0,7.0,2020-09-24 17:50:00,6b9664c3b0c9afc9e3f68972f95e2337
2020-09-25,6074.0,596.0,7.0,2020-09-24 17:50:00,e9973d2ba158ab22c64b2abd53bdce33
2020-09-26,6074.0,596.0,7.0,2020-09-24 17:50:00,41dc5f91221ca561f5a5fe22af062cfb
2020-09-27,6074.0,596.0,7.0,2020-09-24 17:50:00,865425b18ed7796d14fa77fe6b20cc48
2020-09-28,6154.0,567.0,8.0,2020-09-28 20:10:00,6dc35055bf22cd0af12d831d610aab17
2020-09-29,6168.0,582.0,8.0,2020-09-29 18:55:00,5fb6f146910abe1805ab2ec550af9fe6
2020-09-30,6208.0,618.0,8.0,2020-09-30 20:30:00,2858eeb57143233d89a919915a4348ba
2020-10-01,6271.0,657.0,8.0,2020-10-01 18:40:00,65000134d04c7ef50f07b0bf67b7900c
2020-10-02,6288.0,640.0,8.0,2020-10-03 00:00:00,16aefef3876c8253c1a2a7f7c1afa4e7
2020-10-03,6288.0,640.0,8.0,2020-10-03 00:00:00,8d0fa69870c0cca4b48291741ada0f32
2020-10-04,6288.0,640.0,8.0,2020-10-03 00:00:00,4a7a5c409b02ad01b8adb2e4fcd22c92
2020-10-05,6387.0,677.0,8.0,2020-10-05 19:30:00,ca8ec46a684cc049d15829adfc349f94
2020-10-06,6387.0,677.0,8.0,2020-10-05 19:30:00,e9357c51935e586c3d8c3c618a4c62df
2020-10-07,6435.0,711.0,8.0,2020-10-07 13:05:00,1df942d1f1671c8942f864a1659ac8bd
2020-10-08,6454.0,725.0,8.0,2020-10-08 21:45:00,08e9b4247aaa14b7778ce78f54b15ee8
2020-10-09,6468.0,734.0,8.0,2020-10-09 15:35:00,927b7cdf7ea8a864ab37b6a04f3496dc
2020-10-10,6468.0,734.0,8.0,2020-10-09 15:35:00,4f2be162c43d8006515da4a63cfcc0c2
2020-10-11,6468.0,734.0,8.0,2020-10-09 15:35:00,2b1274d1b71b9616767e626cee81e14b
2020-10-12,6468.0,734.0,8.0,2020-10-09 15:35:00,554e4b9b82ec57701a300bb979e786f1
2020-10-13,6541.0,786.0,8.0,2020-10-13 16:35:00,14dd73e68f0512555d6c483be97ae15f
2020-10-14,6548.0,787.0,8.0,2020-10-14 18:35:00,83cade8fbe97740573d2bace8b9eec44
2020-10-15,6588.0,773.0,8.0,2020-10-15 20:00:00,f22065237741cdfeb555dda6e0e211c0
2020-10-16,6623.0,728.0,8.0,2020-10-16 19:30:00,0c4ec40e2a83931965c8a5e4897c6f65
2020-10-17,6623.0,728.0,8.0,2020-10-16 19:30:00,c915a3707fbe35ba5183b79c008d0523
2020-10-18,6623.0,728.0,8.0,2020-10-16 19:30:00,77428d1ccac13ee2c36f54638975bd46
2020-10-19,6717.0,702.0,8.0,2020-10-19 19:00:00,f770367d6cb16878f09d95698d46f3c0
2020-10-20,6721.0,706.0,8.0,2020-10-20 16:10:00,708b0231674a7611f3c81febf670cc8a
2020-10-21,6743.0,661.0,8.0,2020-10-21 17:40:00,5867b3783f447648a63c196d71cec262
2020-10-22,6755.0,647.0,8.0,2020-10-22 18:45:00,2d845508cb86a7e9ff4e445905135c09
2020-10-23,6755.0,647.0,8.0,2020-10-22 18:45:00,e1ed46cbd8ba13a5a32b4a06adc96372
2020-10-24,6755.0,647.0,8.0,2020-10-22 18:45:00,96c3718d5884af9ee7611e5c88e96e3a
2020-10-25,6755.0,647.0,8.0,2020-10-22 18:45:00,efd9b762f49612b421ab86f7d0e79a2e
2020-10-26,6863.0,649.0,8.0,2020-10-26 20:05:00,22ac8d15c0ffbca6f759390de81626eb
2020-10-27,6889.0,651.0,8.0,2020-10-27 21:30:00,5f10bc39d6611132edbf67fb67c9e95a
2020-10-28,6914.0,614.0,8.0,2020-10-28 18:30:00,c1360d497a1aee10cd6a70d2c8838c4d
2020-10-29,6922.0,490.0,8.0,2020-10-29 19:15:00,ee187b19736c67cac0a974d85aa6a806
2020-10-30,6938.0,362.0,8.0,2020-10-30 20:45:00,5b3a24cd69835f0ed1efda23b34bb112
2020-10-31,6938.0,362.0,8.0,2020-10-30 20:45:00,23fa0b8c724ea6ef94fda1e0b0d0d37f
2020-11-01,6938.0,362.0,8.0,2020-10-30 20:45:00,da70f8d9f2483019c89c4c77ad77b498
2020-11-02,7015.0,412.0,8.0,2020-11-02 21:45:00,05758ab21025e82a45bcdbe586969dcd
2020-11-03,7029.0,402.0,8.0,2020-11-03 19:35:00,c55b84ae7f44a7ea6cc7befad97dcf82
2020-11-04,7055.0,409.0,8.0,2020-11-04 18:35:00,b29d252436c490d707483ccd978c64e9
2020-11-05,7071.0,402.0,8.0,2020-11-05 23:15:00,f1c6de5c68d316996c91a38d496187c6
2020-11-06,7084.0,384.0,8.0,2020-11-06 22:45:00,5dce19b78c14ba790608007310610f5e
2020-11-07,7084.0,384.0,8.0,2020-11-06 22:45:00,00149937ffa4bcd373292bb9c9bf444c
2020-11-08,7084.0,384.0,8.0,2020-11-06 22:45:00,6c01da1c73c97b88086e43b53e900e61
2020-11-09,7152.0,409.0,8.0,2020-11-09 22:15:00,c5acbf38fc85ccf3c06d6182619f857f
2020-11-10,7152.0,409.0,8.0,2020-11-10 21:00:00,e6b22a3b177f9f128c05fdcd7a9f44a2
2020-11-11,7152.0,409.0,8.0,2020-11-10 21:00:00,b5003d1fcb8cfc78cc30c1a36058b400
2020-11-12,7197.0,384.0,8.0,2020-11-12 19:20:00,b3a09f265334d028bdf42371a9d21bec
2020-11-13,7202.0,366.0,8.0,2020-11-13 20:55:00,52a3de83960e82b2eed3cba2f222a968
2020-11-14,7202.0,366.0,8.0,2020-11-13 20:55:00,14e058488b4dfb2f72b411d51e9d63d4
2020-11-15,7202.0,366.0,8.0,2020-11-13 20:55:00,48079078ac2ce16e0f5dc6791c9be092
2020-11-16,7249.0,391.0,8.0,2020-11-16 21:45:00,230457f96b56bf90bdb07b0065b616e6
2020-11-17,7258.0,400.0,8.0,2020-11-17 22:15:00,c5f924e5ba0881bda990a78f860e0369
2020-11-18,7292.0,413.0,8.0,2020-11-18 22:45:00,9b0d30a7e73dcf00215f7285e87a1947
2020-11-19,7315.0,419.0,8.0,2020-11-19 20:15:00,3c8d5c10aeebcd46cfeaf0ff2e10d3d5
2020-11-20,7339.0,429.0,8.0,2020-11-20 21:00:00,224ee2b46776fa7e1235397bb019a6ed
2020-11-21,7339.0,429.0,8.0,2020-11-20 21:00:00,9d757d9633a75a23af2796857cff8ab0
2020-11-22,7339.0,429.0,8.0,2020-11-20 21:00:00,dea0d2b46119762ea80997e589faf589
2020-11-23,7370.0,429.0,8.0,2020-11-23 19:30:00,8d2fe5c8ce24d663a8a99129d980d6b5
2020-11-24,7372.0,377.0,8.0,2020-11-24 17:00:00,b71384cfeba9dcd70d4eb76a5ea37d2e
2020-11-25,7419.0,363.0,8.0,2020-11-25 16:30:00,f465c8b9b67616e416a18309a3ca9cab
2020-11-26,7419.0,363.0,8.0,2020-11-25 16:30:00,e1f4960552d5bf1a0081959b412d5790
2020-11-27,7476.0,350.0,8.0,2020-11-27 18:30:00,1169980cd5a7782ff3795dca33a9fd21
2020-11-28,7476.0,350.0,8.0,2020-11-27 18:30:00,96a0fd42c53349bf9082272425def337
2020-11-29,7476.0,350.0,8.0,2020-11-27 18:30:00,88dee73b96e500234fe18447def95a1c
2020-11-30,7527.0,347.0,8.0,2020-11-30 20:05:00,931e14569dc58b9fda110d8bb0d7639b
2020-12-01,7544.0,358.0,8.0,2020-12-01 22:15:00,76422d5032bcc0087b2e1a06ef3e21d9
2020-12-02,7567.0,368.0,8.0,2020-12-02 20:30:00,49729cd46b1a9e2a080a395dbe1e8efc
2020-12-03,7583.0,370.0,8.0,2020-12-03 20:00:00,cbcd7931b91aba93f8648e303b156a53
2020-12-04,7622.0,357.0,8.0,2020-12-04 21:00:00,e217a7440309cf5e567bda7d34b5d12f
2020-12-05,7622.0,357.0,8.0,2020-12-04 21:00:00,1161141580ad759adfaeb9c746423f61
2020-12-06,7622.0,357.0,8.0,2020-12-04 21:00:00,75aafdd0a3ea489604865dc1a0e202f1
2020-12-07,7724.0,444.0,8.0,2020-12-07 20:10:00,2093d0891bf38bbf938e0502f76ce8b3
2020-12-08,7757.0,465.0,8.0,2020-12-08 23:15:00,0f014ebf87d161f9057519cf8c68bc49
2020-12-09,7801.0,492.0,8.0,2020-12-09 18:00:00,5036d10c31ccaebef2356583fa535e4c
2020-12-10,7851.0,496.0,8.0,2020-12-10 17:10:00,49fb1e38f77b971c3ee3a6db4a1f31fe
2020-12-11,7888.0,490.0,8.0,2020-12-11 21:30:00,8cfe7c9b57ba33ee85b8c7d7da2d5a36
2020-12-12,7888.0,490.0,8.0,2020-12-11 21:30:00,76aa2c8b6e9df26c69e313413de8c66d
2020-12-13,7888.0,490.0,8.0,2020-12-11 21:30:00,9019c096e86c0295d441fad72b5543b4
2020-12-14,7982.0,557.0,8.0,2020-12-14 20:45:00,80b65e1cc980db6e764b05480150e937
2020-12-15,7990.0,564.0,8.0,2020-12-15 19:10:00,172273eeb8b064cca30d5c47890bf97a
2020-12-16,8028.0,513.0,8.0,2020-12-16 21:35:00,13a2437457ff862695aece281909bd8e
2020-12-17,8061.0,481.0,8.0,2020-12-17 21:45:00,0d9a819046dc499954dc74d107bddaf0
2020-12-18,8087.0,494.0,8.0,2020-12-18 22:45:00,3110938fee930e166a991ff90c7fbc2f
2020-12-19,8087.0,494.0,8.0,2020-12-18 22:45:00,f29262f7e5134de13ea847546e6bfb6e
2020-12-20,8087.0,494.0,8.0,2020-12-18 22:45:00,3b43a3d0a576860356e94ff01ec5c3fb
2020-12-21,8175.0,450.0,8.0,2020-12-21 19:30:00,96d3493346b370df188716c9ca686a29
2020-12-22,8181.0,451.0,8.0,2020-12-22 20:40:00,8365d3571048cd88f6bd9519bc01b56e
2020-12-23,8247.0,456.0,8.0,2020-12-23 21:30:00,9662542885cf85148c0daab07ae0c1a4
2020-12-24,8247.0,456.0,8.0,2020-12-23 21:30:00,f58942c65a6d3608c9d96f08bdf4b6e6
2020-12-25,8247.0,456.0,8.0,2020-12-23 21:30:00,defee8d2fc268dd5dbca70831fc83ef2
2020-12-26,8247.0,456.0,8.0,2020-12-23 21:30:00,bb47c8c43c232f50094b90a3e235e4ad
2020-12-27,8247.0,456.0,8.0,2020-12-23 21:30:00,fea147ba6da78133932baffff8cd4232
2020-12-28,8349.0,461.0,8.0,2020-12-28 20:00:00,6c76aafb66981bdb918a1ad1a8adb62c
2020-12-29,8375.0,474.0,8.0,2020-12-29 17:00:00,365d24a5283b9c3a39e812adc46609a1
2020-12-30,8415.0,497.0,8.0,2020-12-30 22:00:00,6b3ef2e81321c5a279c1cebee1f2cf89
2020-12-31,8455.0,511.0,8.0,2020-12-31 19:50:00,35e8655a36ea6ba1264d45445b5bdfa2
2021-01-01,8455.0,511.0,8.0,2020-12-31 19:50:00,8fa8eca53938e8346bd14eecac9e8ed6
2021-01-02,8455.0,511.0,8.0,2020-12-31 19:50:00,6139522bbc89e670a25d8f78ee192b2f
2021-01-03,8455.0,511.0,8.0,2020-12-31 19:50:00,feb095b19f3c4dbe732f7ebf4a7434fe
2021-01-04,8545.0,558.0,8.0,2021-01-04 18:35:00,b6456a9ce62dd031e9768d2b0b6a04b9
2021-01-05,8552.0,555.0,8.0,2021-01-05 20:45:00,8a0306e947a2f8ecab810198f420bb1d
2021-01-06,8575.0,556.0,8.0,2021-01-06 21:45:00,9ad448136590fbcc7d6f0fd96ccfd8ae
2021-01-07,8626.0,597.0,8.0,2021-01-07 20:15:00,1103dc0aaa185127cf88344978030106
2021-01-08,8654.0,487.0,8.0,2021-01-08 20:05:00,d7ca06ceb225e16fd3f96cade4520432
2021-01-09,8654.0,487.0,8.0,2021-01-08 20:05:00,bfebc8878310c9f509a40ed76d953ea1
2021-01-10,8654.0,487.0,8.0,2021-01-08 20:05:00,213f2abb39954f136d417e0f423fc4ff
2021-01-11,8735.0,523.0,8.0,2021-01-11 22:00:00,518cc109eec078cc0c9d8cf98dd42ff7
2021-01-12,8759.0,536.0,8.0,2021-01-12 20:30:00,dacce093b978ab62c4af7e2f366b4bb9
2021-01-13,8800.0,559.0,8.0,2021-01-13 21:10:00,9f907d39baed5d34bbb63d47f02bef08
2021-01-14,8820.0,565.0,8.0,2021-01-14 23:15:00,9ab6140f9d1d9a2b024db6e88a4724ed
2021-01-15,8848.0,531.0,8.0,2021-01-15 22:30:00,1c4914e25ca39593c6d00cb1e732f8c1
2021-01-16,8848.0,531.0,8.0,2021-01-15 22:30:00,a02a4a8074d24f0997ea58e4ea18311e
2021-01-17,8848.0,531.0,8.0,2021-01-15 22:30:00,0599eb27b7108eba236cece669aacda1
2021-01-18,8848.0,531.0,8.0,2021-01-15 22:30:00,110f00ce9377f7502c359036ab9b1a6d
2021-01-19,8848.0,531.0,8.0,2021-01-15 22:30:00,30bb4b47a52299978d64e3c56885bc63
2021-01-20,8946.0,580.0,8.0,2021-01-20 17:10:00,2efdf8c7e82ed1dd4aa807f03c028f23
2021-01-21,8975.0,582.0,8.0,2021-01-22 00:30:00,9ed46db9ab2fbd0b5ed3f82e4be741cb
2021-01-22,8991.0,575.0,8.0,2021-01-22 20:45:00,80130a2e2278b1743b858532c3e06d22
2021-01-23,8991.0,575.0,8.0,2021-01-22 20:45:00,1d07ee4326fa20b533f6779c1abb86a4
2021-01-24,8991.0,575.0,8.0,2021-01-22 20:45:00,9bbefbcc32729fc219d2e1daf9437718
2021-01-25,9029.0,593.0,8.0,2021-01-25 23:45:00,958f9de296ceaec504bc301938fec864
2021-01-26,9029.0,593.0,8.0,2021-01-25 23:45:00,a1ebf3fea3b4316fb2fe1b0cb6aabc61
2021-01-27,9087.0,517.0,8.0,2021-01-27 21:00:00,dc2a58584537be5827fa0b1c0da3371d
2021-01-28,9099.0,519.0,8.0,2021-01-28 23:15:00,2e9cf53449dcfbfc30de5284a99c9b08
2021-01-29,9099.0,519.0,8.0,2021-01-28 23:15:00,f10d05545bc2720e9aa13e266bea8785
2021-01-30,9099.0,519.0,8.0,2021-01-28 23:15:00,aed9286c3176ab87497e4a6325b4061c
2021-01-31,9099.0,519.0,8.0,2021-01-28 23:15:00,c1bd2c92b71ea8b5d9e0dc2ab3f96adb
2021-02-01,9178.0,524.0,9.0,2021-02-01 22:30:00,af89218128b75c9532cd389251cb098c
2021-02-02,9182.0,526.0,9.0,2021-02-03 00:20:00,d45e8a33842ec1c7431419af800e43d8
2021-02-03,9216.0,531.0,9.0,2021-02-03 21:40:00,58becf4f00255221c0e24f05397ae25f
2021-02-04,9216.0,531.0,9.0,2021-02-03 21:40:00,3133575d4444ea3471f92d0b8cde0780
2021-02-05,9262.0,500.0,9.0,2021-02-05 22:00:00,e38cdf3778cd9b1bf9f110205aaa1931
2021-02-06,9262.0,500.0,9.0,2021-02-05 22:00:00,0af28fd1afe5ac4d7ddacbb37f05e5e3
2021-02-07,9262.0,500.0,9.0,2021-02-05 22:00:00,0bb47c8f3d4052f22e3c9b20c9cea9dd
2021-02-08,9301.0,524.0,10.0,2021-02-08 23:00:00,57b6edebd2802534038b823372fd3190
2021-02-09,9309.0,528.0,9.0,2021-02-09 23:00:00,8fe1d7493c47bb5eb03e2c7acc8d1282
2021-02-10,9309.0,528.0,9.0,2021-02-09 23:00:00,947818ce1fe249cdb54387ed4547c908
2021-02-11,9349.0,501.0,9.0,2021-02-11 22:30:00,5cf289a002da55b0a4d88d0a10b2f56a
2021-02-12,9411.0,509.0,9.0,2021-02-12 22:45:00,3ac10ed4b5e861e1a2a5ffb85e936f7d
2021-02-13,9411.0,509.0,9.0,2021-02-12 22:45:00,31e3c29d16a1d70c9333e7ffbbe6a2ed
2021-02-14,9411.0,509.0,9.0,2021-02-12 22:45:00,e1e72be1726f0c1f92279bff92cfbef5
2021-02-15,9411.0,509.0,9.0,2021-02-12 22:45:00,71e3800159c98bdea10b2f94a190081c
2021-02-16,9411.0,509.0,9.0,2021-02-12 22:45:00,66f97db0966e6c75e50978252ee9faa6
2021-02-17,9429.0,502.0,9.0,2021-02-17 12:25:00,a108ed3b7a7ab4737cc389d8b47152f5
2021-02-18,9512.0,463.0,9.0,2021-02-18 22:00:00,52156422e9e7e850129d936e994ef8a6
2021-02-19,9512.0,463.0,9.0,2021-02-18 22:00:00,3806bccc74a5e9e70d50d1cc1ab2f7fe
2021-02-20,9512.0,463.0,9.0,2021-02-18 22:00:00,4afe109adbd69078d9bac2a0c72722f9
2021-02-21,9512.0,463.0,9.0,2021-02-18 22:00:00,33293d353860a6bdc67482e826ba9697
2021-02-22,9530.0,464.0,9.0,2021-02-22 21:00:00,880db7c8ee4d20400596bd87dfd45604
2021-02-23,9532.0,447.0,9.0,2021-02-23 21:30:00,ecc4646afb4da8c478f626c47bff9210
2021-02-24,9569.0,453.0,9.0,2021-02-24 20:30:00,eda44d36fc9c652612cb89f2318aec55
2021-02-25,9588.0,414.0,9.0,2021-02-25 22:30:00,a1b4f42c1bb3d34913d9b797b1d70fd9
2021-02-26,9614.0,407.0,9.0,2021-02-26 22:00:00,c1342a436071cd1b4d8ec29c4c221ec8
2021-02-27,9614.0,407.0,9.0,2021-02-26 22:00:00,41a8f3d1f691352ee5eae461b8e4456a
2021-02-28,9614.0,407.0,9.0,2021-02-26 22:00:00,32045babbd6fcb153d842128b6ebaf52
2021-03-01,9655.0,332.0,9.0,2021-03-01 19:20:00,3e6586f7b266f09e22c1853a154a52e5
2021-03-02,9659.0,336.0,9.0,2021-03-02 18:50:00,1e2a689caf4234a0343ee50a780d2896
2021-03-03,9679.0,349.0,9.0,2021-03-03 18:30:00,f815b86d16a104d7089bb0149a9e7021
2021-03-04,9686.0,340.0,9.0,2021-03-04 16:00:00,d5685d919d5e42ab23d9836e6b1d042d
2021-03-05,9686.0,340.0,9.0,2021-03-04 16:00:00,c19ecd78e57326e06f02a1665635a0f1
2021-03-06,9686.0,340.0,9.0,2021-03-04 16:00:00,bcb3cac8bb73a5127653529bd833e5b8
2021-03-07,9686.0,340.0,9.0,2021-03-04 16:00:00,4be3da1b1ec7c756006eb73b3af938fa
2021-03-08,9753.0,373.0,9.0,2021-03-08 13:05:00,0a84f15490bc7e4a662e72617f1c5278
2021-03-09,9847.0,359.0,9.0,2021-03-09 23:15:00,d2ab172ee3c2b567654e96b560afd8ce
2021-03-10,9872.0,363.0,9.0,2021-03-10 21:30:00,f9e060ed4acfd600ed55100d17254240
2021-03-11,9903.0,370.0,9.0,2021-03-11 21:45:00,2af2df41d1b3905ce7eb393c5a31fa69
2021-03-12,9967.0,423.0,9.0,2021-03-12 21:45:00,8a1283b17ec7f0210aabc12a694be45b
2021-03-13,9967.0,423.0,9.0,2021-03-12 21:45:00,e7bc7b4dee3aefe5f698944115f3f740
2021-03-14,9967.0,423.0,9.0,2021-03-12 21:45:00,ffa85377171b12b2b3fb51ef461c3816
2021-03-15,10049.0,475.0,9.0,2021-03-15 21:05:00,26a72fa576bea766f2beae33d65a8f9c
2021-03-16,10049.0,475.0,9.0,2021-03-15 21:05:00,44be4b95247a3920e9ad5ba3c44992c2
2021-03-17,10131.0,494.0,9.0,2021-03-17 18:45:00,9d0ea6f43f2b0018c4f059139bbd7992
2021-03-18,10157.0,479.0,9.0,2021-03-18 21:15:00,b465ed7b963ed3fa055c8817d723a637
2021-03-19,10230.0,541.0,9.0,2021-03-19 21:45:00,7464b3d71533e76064969e4245325d56
2021-03-20,10230.0,541.0,9.0,2021-03-19 21:45:00,fba756f87ed3d4af0fb32c50042eff6f
2021-03-21,10230.0,541.0,9.0,2021-03-19 21:45:00,d26ce2794d34037efeea491fb6aa73da
2021-03-22,10306.0,547.0,9.0,2021-03-22 19:10:00,96cf61765800e527ea1a8aafe54e1444
2021-03-23,10331.0,572.0,9.0,2021-03-23 20:30:00,db7d06d46c790e5de36eb615e6c01b8d
2021-03-24,10408.0,537.0,9.0,2021-03-24 21:00:00,411755747ad079960f55c0c13c64e7e3
2021-03-25,10460.0,569.0,9.0,2021-03-25 20:30:00,13562d8fa98d30040c9ba20eec9c86eb
2021-03-26,10460.0,569.0,9.0,2021-03-25 20:30:00,1438660acff409347f43c1a234b574f0
2021-03-27,10460.0,569.0,9.0,2021-03-25 20:30:00,195d95de33e173f666fbca1a27f117a2
2021-03-28,10460.0,569.0,9.0,2021-03-25 20:30:00,42eb9a8c4e772cd98a11dc89cf1966c3
2021-03-29,10460.0,569.0,9.0,2021-03-25 20:30:00,3770829f9b1edd22342f42acebb88f24
2021-03-30,10669.0,665.0,9.0,2021-03-30 18:30:00,f7efbd9a61376887b2df0e7075415317
2021-03-31,10725.0,643.0,9.0,2021-03-31 18:10:00,98b85247e766f936c10a72fe0b469f36
2021-04-01,10776.0,623.0,9.0,2021-04-01 22:55:00,47e375a31cd2f5ad9e479a6bf52acb6c
2021-04-02,10849.0,628.0,9.0,2021-04-02 19:45:00,fe9b4bed99d3d06bf6b00b4a20abc4b9
2021-04-03,10849.0,628.0,9.0,2021-04-02 19:45:00,9a997e0be13c24fd91633251c75ad2bf
2021-04-04,10849.0,628.0,9.0,2021-04-02 19:45:00,b615494902994d005cab8795abce20d3
2021-04-05,11002.0,687.0,9.0,2021-04-05 19:45:00,02a3786828a6a96f19173846aa46fef1
2021-04-06,11008.0,674.0,9.0,2021-04-06 20:45:00,15e4e0c8fa8d584b0d354c7ac0329598
2021-04-07,11086.0,719.0,9.0,2021-04-07 18:55:00,d2449ebdd2d5504bc77d3201365d977b
2021-04-08,11190.0,769.0,9.0,2021-04-08 20:15:00,61723c0216b75a8aeffa78a306079e29
2021-04-09,11318.0,896.0,9.0,2021-04-09 19:00:00,d4c3b957688060820c2fcbbcd2e22884
2021-04-10,11318.0,896.0,9.0,2021-04-09 19:00:00,6b659a7a0aaaeb035f50f48d896f09e5
2021-04-11,11318.0,896.0,9.0,2021-04-09 19:00:00,a102dd02657f9b228cdebb8f96854c77
2021-04-12,11469.0,892.0,9.0,2021-04-12 21:30:00,6ca6aa4626304ffe3906f2fb108cf649
2021-04-13,11531.0,932.0,9.0,2021-04-13 19:45:00,2607fea9665a4d91667f0563fb509d73
2021-04-14,11654.0,985.0,9.0,2021-04-14 20:00:00,07c75e97a0b232985dc8c6faf396f2a6
2021-04-15,11725.0,1020.0,9.0,2021-04-15 20:30:00,3619bb86967e4281a16ae93ee3d54331
2021-04-16,11815.0,1078.0,9.0,2021-04-16 18:00:00,d8207f7b17d03da7ee32063a55c97d31
2021-04-17,11815.0,1078.0,9.0,2021-04-16 18:00:00,4734b7d7e34a9c7308b7ba44d3e4d2bc
2021-04-18,11815.0,1078.0,9.0,2021-04-16 18:00:00,aca15f76c99218a502639a6af7b254a5
2021-04-19,12018.0,1181.0,9.0,2021-04-19 20:15:00,af36244c5cc5b26ee4ba7fb5caf38ca9
2021-04-20,12018.0,1181.0,9.0,2021-04-20 20:15:00,29dd2d0d8e0a6e50b9275d8aaea1d918
2021-04-21,12085.0,992.0,9.0,2021-04-21 20:00:00,a3b82818f98b38dfeaf0c475ebf6b060
2021-04-22,12085.0,992.0,9.0,2021-04-21 20:00:00,c7e8362e1c26378ed4ba6907271c1555
2021-04-23,12269.0,1028.0,9.0,2021-04-23 20:45:00,f6b851332e9085d2ab65e1b4820f35fb
2021-04-24,12269.0,1028.0,9.0,2021-04-23 20:45:00,3af20fa9d9db6c31b4acb6be49e73028
2021-04-25,12269.0,1028.0,9.0,2021-04-23 20:45:00,1af4acd4cda2c99f56ec4e247b5b6c36
2021-04-26,12486.0,1094.0,9.0,2021-04-26 20:30:00,49debff4bfaf860c09a362b94bbfb7b7
2021-04-27,12549.0,1147.0,9.0,2021-04-27 20:00:00,6aa9efdfbc38552a272d7e9635f8ee06
2021-04-28,12757.0,1278.0,9.0,2021-04-28 18:25:00,7c5b292b1d0ac7ee62464c0246f2db5a
2021-04-29,12841.0,1320.0,9.0,2021-04-29 20:15:00,227d9d18bf55aadf3bba018078f8ba1b
2021-04-30,12947.0,1393.0,9.0,2021-04-30 20:00:00,6a2134bcf819799d430e6f3ef5e44509
2021-05-01,12947.0,1393.0,9.0,2021-04-30 20:00:00,c4dd170282488c925e3267bb7110d4e5
2021-05-02,12947.0,1393.0,9.0,2021-04-30 20:00:00,8595c53f40f51b858571bc2f3de347a9
2021-05-03,12947.0,1393.0,9.0,2021-04-30 20:00:00,45ce72a7e34e46fa3fcc217f30bf7d5b
2021-05-04,13147.0,1393.0,9.0,2021-05-04 13:48:00,56af0ae225b67310c83fb95c7eabfb57
2021-05-05,13371.0,1397.0,9.0,2021-05-05 20:40:00,c2ade58d4937cde4d4a3f140b1bd3829
2021-05-06,13554.0,1537.0,9.0,2021-05-06 18:30:00,50f93b355687beb32a642fe690a8e3e7
2021-05-07,13754.0,1594.0,9.0,2021-05-07 18:20:00,0e6d71abdf4b21398f1ec649c0aa76c1
2021-05-08,13754.0,1594.0,9.0,2021-05-07 18:20:00,e271f220745fc8ed06589972bacfd540
2021-05-09,13754.0,1594.0,9.0,2021-05-07 18:20:00,7d508bf7ddacc2d0a41d8e2feb29d93b
2021-05-10,14057.0,1906.0,9.0,2021-05-10 19:45:00,550fc6e7c7f0a8900fccc264a3c6c116
2021-05-11,1409.0,1941.0,9.0,2021-05-11 21:25:00,e200fcd3d2b03dc42ba5e6252880c2ed
2021-05-12,14231.0,2033.0,9.0,2021-05-12 21:00:00,47ebbbb6647a03d171739191ac1ae8e4
2021-05-13,14385.0,2043.0,9.0,2021-05-13 20:00:00,0161b3177acfa53ca5e51e75c8905208
2021-05-14,14385.0,2043.0,9.0,2021-05-13 20:00:00,8a82d75c9fcae2b4d1c2d40c20a1dda5
2021-05-15,14385.0,2043.0,9.0,2021-05-13 20:00:00,26b89eef424e2f6de9278ca6472b382a
2021-05-16,14385.0,2043.0,9.0,2021-05-13 20:00:00,f5210a790f773ba9644292e00fd0e6a7
2021-05-17,14821.0,2077.0,9.0,2021-05-17 20:15:00,ef98f740079fc46c253cb2f95c7b16ee
2021-05-18,14844.0,2030.0,9.0,2021-05-18 20:35:00,6e4ce87e7bece4d84c8e0beb5064172f
2021-05-19,15056.0,2067.0,9.0,2021-05-19 19:30:00,a72d50a8f75941ea816747ffe4303806
2021-05-20,15172.0,2123.0,9.0,2021-05-20 20:40:00,75c532a8378f07a7afd457e0fb2883f5
2021-05-21,15297.0,2114.0,9.0,2021-05-21 20:00:00,b9e66917962d021c3f953d6007a73958
2021-05-22,15297.0,2114.0,9.0,2021-05-21 20:00:00,d167cde951c480a9141622d2d3fa0bbd
2021-05-23,15297.0,2114.0,9.0,2021-05-21 20:00:00,99a9a4a2e78a0e7004b5c6f665ab4095
2021-05-24,15496.0,2019.0,9.0,2021-05-24 20:30:00,352393203b59de61a430d4d6a00421a3
2021-05-25,15519.0,2007.0,9.0,2021-05-25 21:00:00,b2cdd0b91ac223ddb7a836194ec81493
2021-05-26,15647.0,1495.0,9.0,2021-05-26 20:40:00,58c13b42f901fa5b3b530a3b38dcab73
2021-05-27,15837.0,1491.0,9.0,2021-05-27 20:40:00,67f7396323f3b937ca552120d69ac644
2021-05-28,16182.0,927.0,9.0,2021-05-28 21:00:00,3283007347f3c6a9b13822f6178dce49
2021-05-29,16182.0,927.0,9.0,2021-05-28 21:00:00,2c39d2301716d8f2d24294243faf852b
2021-05-30,16182.0,927.0,9.0,2021-05-28 21:00:00,aef6178ff2825ed1db65700d7892299e
2021-05-31,16182.0,927.0,9.0,2021-05-28 21:00:00,21eac809943340e557a5bf44e128653d
2021-06-01,16334.0,861.0,9.0,2021-06-01 19:30:00,5fb9de175cfe748b40d1e5fc286471f9
2021-06-02,16436.0,907.0,9.0,2021-06-02 20:30:00,1ef20853e2a09942b3cd06c423eab9d2
2021-06-03,16511.0,844.0,9.0,2021-06-03 21:00:00,8b63bb99b59b61829219f55a2ec72252
2021-06-04,16608.0,734.0,9.0,2021-06-04 20:45:00,3a7fe8e602dfa1ba122cbfeeb410a54a
2021-06-05,16608.0,734.0,9.0,2021-06-04 20:45:00,6fb618e988adc8895a9b99936dc3c6b4
2021-06-06,16608.0,734.0,9.0,2021-06-04 20:45:00,c3c6f145f12741cfa6274effe5c26bba
2021-06-07,16816.0,685.0,9.0,2021-06-07 21:15:00,e214e5c4a7e176e8397da410d1b31d23
2021-06-08,16896.0,652.0,9.0,2021-06-08 20:15:00,f3e0bdbeb3a84ae05d71886f2a75819a
2021-06-09,16702.0,598.0,9.0,2021-06-09 20:15:00,9eefc9050d38951549850bd428778eeb
2021-06-10,16702.0,598.0,9.0,2021-06-09 20:15:00,c1dec11db8cfb03cdc3fef9d324f4fc0
2021-06-11,17186.0,670.0,9.0,2021-06-11 20:15:00,da4e6936c1ab6d2f76bf036ea579c288
2021-06-12,17186.0,670.0,9.0,2021-06-11 20:15:00,c16df2befb6162693422ffe3ec6796f8
2021-06-13,17186.0,670.0,9.0,2021-06-11 20:15:00,1a21dd8c0a5c93cbbfe714514494f2a5
2021-06-14,17377.0,752.0,9.0,2021-06-14 20:15:00,d90b45be3cf2101c71139fb2800f98be
2021-06-15,17395.0,738.0,9.0,2021-06-15 20:15:00,dfd638ef0e689ddf45029d440602dc68
2021-06-16,17519.0,588.0,9.0,2021-06-16 22:00:00,a18fc47540be606769a3f4503f700d64
2021-06-17,17519.0,588.0,9.0,2021-06-16 22:00:00,27a0ebb1f23764b73a26464bee9ada42
2021-06-18,17519.0,588.0,9.0,2021-06-16 22:00:00,2509ac6a8e53fec1efdb9903642f66a0
2021-06-19,17519.0,588.0,9.0,2021-06-16 22:00:00,5e13824deef123f53d7fc0b1b1ad5541
2021-06-20,17519.0,588.0,9.0,2021-06-16 22:00:00,a513533d40d5929401ad739339e245a7
2021-06-21,17897.0,704.0,9.0,2021-06-21 20:15:00,2e72dfcc497ae94f2bf6c08dc908f25b
2021-06-22,17926.0,681.0,9.0,2021-06-22 21:15:00,415470a11964cc90bf04d1a30f34c737
2021-06-23,17926.0,681.0,9.0,2021-06-22 21:15:00,bb59d7d2c27142ccb29aa9bf8df58f49
2021-06-24,18143.0,765.0,9.0,2021-06-24 19:30:00,8a6c4a56bee0c13ed82a684ebf4f0ccc
2021-06-25,18310.0,831.0,9.0,2021-06-25 20:30:00,ca59b39ec27e1b77e78a2e774d882179
2021-06-26,18310.0,831.0,9.0,2021-06-25 20:30:00,7d88feec388ff337488cf667970e1e6c
2021-06-27,18310.0,831.0,9.0,2021-06-25 20:30:00,f9033fddbd2f1a06be80f4386b7b37c2
2021-06-28,18397.0,811.0,9.0,2021-06-28 21:00:00,bc8fc978fbbd1c1743989fd48e419c8e
2021-06-29,18422.0,819.0,9.0,2021-06-29 21:00:00,6669998cf5f51416318c7f5355a6d84b
2021-06-30,18422.0,819.0,9.0,2021-06-29 21:00:00,e8111e1261eaecd11fa7ce7141245b08
2021-07-01,18797.0,851.0,9.0,2021-07-01 20:15:00,3a476a1a01fdd12fe383a38d38cd53a5
2021-07-02,18797.0,851.0,9.0,2021-07-01 20:15:00,7faa36d0e14f7c0250b4fbacffbf308c
2021-07-03,18797.0,851.0,9.0,2021-07-01 20:15:00,324e425ed44340b2ff975475de663c7d
2021-07-04,18797.0,851.0,9.0,2021-07-01 20:15:00,593238f2e82bd5e13b927dffca3157e1
2021-07-05,18797.0,851.0,9.0,2021-07-01 20:15:00,800e699f3d4b11b3a7e6d97a92c06dc8
2021-07-06,19202.0,907.0,9.0,2021-07-06 21:30:00,aefe7a209e32571bc079858bb969a9d6
2021-07-07,19341.0,899.0,9.0,2021-07-07 20:30:00,4536bbf1ecc44744dbce534f066b229f
2021-07-08,19341.0,899.0,9.0,2021-07-07 20:30:00,1c2d1c2031bf1d1477e2e6b734a58a67
2021-07-09,19600.0,983.0,9.0,2021-07-09 17:20:00,4fa004adc3f31d93d901bb67617de1ea
2021-07-10,19600.0,983.0,9.0,2021-07-09 17:20:00,6c7f8d1371dbe27db6b505cd66278157
2021-07-11,19600.0,983.0,9.0,2021-07-09 17:20:00,e4e790ee64070d902a45bea12ee32cfc
2021-07-12,19879.0,906.0,9.0,2021-07-12 21:30:00,7d17b9d378a4ae6f6be960a27ce234a3
2021-07-13,19897.0,921.0,9.0,2021-07-13 22:30:00,9fd1463ab5a5bcb72557e096028d0e5b
2021-07-14,19897.0,921.0,9.0,2021-07-13 22:30:00,fd59553c08ab70aba00c6871d9e38701
2021-07-15,19897.0,921.0,9.0,2021-07-13 22:30:00,bc798112e008249e375457ae3dd494b0
2021-07-16,20427.0,1025.0,9.0,2021-07-16 17:05:00,c3c31c5edc5b1c39b163876346ee3294
2021-07-17,20427.0,1025.0,9.0,2021-07-16 17:05:00,92c61e27baabf209e011c075b225ee82
2021-07-18,20427.0,1025.0,9.0,2021-07-16 17:05:00,3725776063b27ac3668dd5a9d595573b
2021-07-19,20427.0,1025.0,9.0,2021-07-16 17:05:00,4fcc4468c2d0d4d9ca9e40be51957f86
2021-07-20,21015.0,1182.0,9.0,2021-07-20 19:00:00,0b3111909e604aae5ded0a01494401e7
2021-07-21,21015.0,1182.0,9.0,2021-07-20 19:00:00,5d0ec5df4f475795c5b5ab8a4af665f4
2021-07-22,21228.0,1376.0,9.0,2021-07-22 19:20:00,4e95283ab84b7b924aff4aa5ae8c7194
2021-07-23,21336.0,1555.0,9.0,2021-07-23 18:30:00,aa13872ed5b02e5a8ca080dc8860c013
2021-07-24,21336.0,1555.0,9.0,2021-07-23 18:30:00,6a5e1211a6b9ed75012108e9aa0e5b90
2021-07-25,21336.0,1555.0,9.0,2021-07-23 18:30:00,1025cdbc2ca4e4e54febdb7d8f3c130b
2021-07-26,21727.0,1398.0,9.0,2021-07-26 19:15:00,f04e619f02f9652b97786ce4eaa44660
2021-07-27,21794.0,1263.0,9.0,2021-07-27 21:00:00,4aae5019b851ea28bfa51c41868bc9f3
2021-07-28,21963.0,1267.0,9.0,2021-07-28 20:30:00,83deb8e6c026fbec49dca27f28bc54f2
2021-07-29,21963.0,1267.0,9.0,2021-07-28 20:30:00,7f413eec98871787580d390f63a382fa
2021-07-30,22096.0,1169.0,9.0,2021-07-30 21:00:00,385de58598f119137c199311ff4b0ea2
2021-07-31,22096.0,1169.0,9.0,2021-07-30 21:00:00,d73cf2c86515c34b25d52b0fe7127b11
2021-08-01,22096.0,1169.0,9.0,2021-07-30 21:00:00,4c88b1ac0a2a49bf46d469353149fb7b
2021-08-02,22096.0,1169.0,9.0,2021-07-30 21:00:00,da46ba5afb21493e1ef851b6a45a80b5
2021-08-03,22518.0,1091.0,9.0,2021-08-03 14:05:00,b048525a6d175bb0e30d8bb01b59cad7
2021-08-04,22827.0,1120.0,9.0,2021-08-04 22:30:00,0d7abfdd14d3ff9d2df014515c8aaf3a
2021-08-05,22827.0,1120.0,9.0,2021-08-04 22:30:00,d7e56c23dd21a16dfda1e9beba302215
2021-08-06,23205.0,1204.0,9.0,2021-08-06 19:05:00,d35b93591a00cad99663dc6db767e2a2
2021-08-07,23205.0,1204.0,9.0,2021-08-06 19:05:00,c20050d17f5bf4de635394b046ab67a6
2021-08-08,23205.0,1204.0,9.0,2021-08-06 19:05:00,3988686581c230206ac153d5fbb8af6e
2021-08-09,23767.0,1429.0,9.0,2021-08-09 19:10:00,29147369e0c510318c93bece5cd61850
2021-08-10,23890.0,1483.0,9.0,2021-08-10 21:25:00,d3bb9062436e84d550048324e7271113
2021-08-11,24043.0,1473.0,9.0,2021-08-11 22:45:00,9fc5a2525ebf17ff8edd7fc7460d3e11
2021-08-12,24043.0,1473.0,9.0,2021-08-11 22:45:00,c9d27bab22ef9677c84f546b9800b4ca
2021-08-13,24341.0,1391.0,9.0,2021-08-13 16:30:00,74b0c1e453df16643b352620c1b5042f
2021-08-14,24341.0,1391.0,9.0,2021-08-13 16:30:00,7a4432ee617629f45ab1cdead56356d7
2021-08-15,24341.0,1391.0,9.0,2021-08-13 16:30:00,f61661a042d53e30cc649aa3fdf7316b
2021-08-16,24420.0,1261.0,9.0,2021-08-16 20:20:00,18a3ef4ce49cadd7a81991889d76eab6
2021-08-17,24420.0,1261.0,9.0,2021-08-16 20:20:00,2ad690f1ad28920e220b712592f2770a
2021-08-18,24791.0,1286.0,9.0,2021-08-18 11:20:00,3a57c92b3d0fc969142c064b53b05b91
2021-08-19,25129.0,1179.0,9.0,2021-08-19 21:15:00,79d03dc1b84d2be79cfbbdc643ce3449
2021-08-20,25129.0,1179.0,9.0,2021-08-19 21:15:00,fa656c6639596b2d430e45cc57566deb
2021-08-21,25129.0,1179.0,9.0,2021-08-19 21:15:00,709c2b52dce6e7538bcd1140cf99918f
2021-08-22,25129.0,1179.0,9.0,2021-08-19 21:15:00,ca76759c1cf065906e74d2d344d1ff8f
2021-08-23,25512.0,1248.0,9.0,2021-08-23 17:55:00,7e0885737439594106ea1fb4c2d659ae
2021-08-24,25512.0,1248.0,9.0,2021-08-23 17:55:00,dc82bce2bb0d498d4569ba07c9000c46
2021-08-25,25586.0,1294.0,9.0,2021-08-25 17:55:00,d86bd3340d9fb6c1f6452deb33cd23e7
2021-08-26,25986.0,1089.0,9.0,2021-08-26 16:15:00,ed3c8d7d8483b90834b9ee8c8a6b53f4
2021-08-27,26084.0,1089.0,9.0,2021-08-27 15:00:00,6fed36e4b8108b9c21eb1d50af6411ac
2021-08-28,26084.0,1089.0,9.0,2021-08-27 15:00:00,0191bbb0e212c267dd2772a6e1a2ba4f
2021-08-29,26084.0,1089.0,9.0,2021-08-27 15:00:00,60ea5af1a23341b3065cbc35eec54541
2021-08-30,26084.0,1089.0,9.0,2021-08-27 15:00:00,2f6399405ee5f4e185ac5f1c84e9c8ae
2021-08-31,26284.0,1051.0,9.0,2021-08-31 20:30:00,f2f0fb5ed21a26c0c32daefed1b05862
2021-09-01,26481.0,982.0,9.0,2021-09-01 21:20:00,f8590125625618fa17526c2a4b900ef2
2021-09-02,26481.0,982.0,9.0,2021-09-01 21:20:00,c0316b7a43f0fa2f30abe2642adf0ea5
2021-09-03,26561.0,905.0,9.0,2021-09-03 13:15:00,9afddc4c3839298c9938f0c48b139ffd
2021-09-04,26561.0,905.0,9.0,2021-09-03 13:15:00,5640c6c85390601d6a86ee9cd3a409f9
2021-09-05,26561.0,905.0,9.0,2021-09-03 13:15:00,11dd767c9b8bb4ded6974548fa8178d7
2021-09-06,26561.0,905.0,9.0,2021-09-03 13:15:00,f115b2806ebcd9975a4874990f7e13a6
2021-09-07,26970.0,871.0,9.0,2021-09-07 20:15:00,dd2d921960a5d1562df0455662739c5b
2021-09-08,27001.0,847.0,9.0,2021-09-08 19:30:00,2c5ac1a53c28a419b4822f24404cbc26
2021-09-09,27149.0,851.0,9.0,2021-09-09 19:15:00,f93e7abbe3e080d26bfee04b0685711f
2021-09-10,27149.0,851.0,9.0,2021-09-09 19:15:00,f30692e5129d1a3dc06c4381b3efb8b6
2021-09-11,27149.0,851.0,9.0,2021-09-09 19:15:00,54c9e2a2a91985eb507449905523cf20
2021-09-12,27149.0,851.0,9.0,2021-09-09 19:15:00,607654cb47e5468d5ecfb71a6d3040c9
2021-09-13,27346.0,810.0,9.0,2021-09-13 20:16:00,79db8acb628a3b77e84a36721ccb3186
2021-09-14,27346.0,631.0,9.0,2021-09-13 20:20:00,a032f64c58a6a2ecba309a6eaea40b39
2021-09-15,27346.0,600.0,9.0,2021-09-15 12:05:00,e8f3afc11549a1293c63d963fda1850e
2021-09-16,27484.0,600.0,9.0,2021-09-16 18:50:00,dfbb3eceef5cd437191b98fb7e256222
2021-09-17,27546.0,532.0,9.0,2021-09-17 19:00:00,1844262714002449ae0042277e649cd2
2021-09-18,27546.0,532.0,9.0,2021-09-17 19:00:00,fbee5fd455c973d1ebb924a464c0a27f
2021-09-19,27546.0,532.0,9.0,2021-09-17 19:00:00,b1972646657e18224463c9bca56b5a1d
2021-09-20,27676.0,521.0,9.0,2021-09-20 19:20:00,be85b4d08e8f0240dc35e1b88489c40a
2021-09-21,27711.0,550.0,9.0,2021-09-21 21:00:00,b9d9848baa9f32bd27f91a150c2b0537
2021-09-22,27833.0,527.0,9.0,2021-09-22 14:50:00,6035cf09ab5933d781d8409a2cbcc614
2021-09-23,27908.0,546.0,9.0,2021-09-23 19:45:00,35364dfc4425153fd1dc304251ffe166
2021-09-24,27632.0,526.0,9.0,2021-09-24 20:30:00,8ab950f96e108b706fec279954e65f1e
2021-09-25,27632.0,526.0,9.0,2021-09-24 20:30:00,660d3a5fff65eadcbec58ec005039805
2021-09-26,27632.0,526.0,9.0,2021-09-24 20:30:00,21f882774b04206541a1ef2868b64224
2021-09-27,27632.0,526.0,9.0,2021-09-24 20:30:00,a33e554b7a5f1186a968b789fce1d6dd
2021-09-28,28138.0,563.0,9.0,2021-09-28 15:00:00,abd7067da898051a6128c9f1a0629f40
2021-09-29,28138.0,563.0,9.0,2021-09-28 15:00:00,2520bf574173ecc5e6492e51a3568fb8
2021-09-30,28138.0,563.0,9.0,2021-09-28 15:00:00,280f6e457388c7bd2449b0f732a39fe9
2021-10-01,28138.0,563.0,9.0,2021-09-28 15:00:00,9704d57b692a92a4758d6a9ca71e818b
2021-10-02,28138.0,563.0,9.0,2021-09-28 15:00:00,ef12e8a054f3907b9d0639f1c893ffd4
2021-10-03,28138.0,563.0,9.0,2021-09-28 15:00:00,933386c7f4ba9ca9c45d3082e5829373
2021-10-04,28399.0,538.0,9.0,2021-10-04 13:10:00,40f96ebd27a202587b8f64f72e0a0b14
2021-10-05,28399.0,538.0,9.0,2021-10-04 13:10:00,9181143e7834eb23f8c5d16dae95ac74
2021-10-06,28661.0,569.0,9.0,2021-10-06 19:20:00,a70b96171e833ce14b795051f0a06870
2021-10-07,28661.0,569.0,9.0,2021-10-06 19:20:00,aab66582a536342bb74ed3100c00f303
2021-10-08,28661.0,569.0,9.0,2021-10-06 19:20:00,8c09611878c8d69ef16687f4ec56f283
2021-10-09,28661.0,569.0,9.0,2021-10-06 19:20:00,a51e04add4c28cf39577eab84b6e453c
2021-10-10,28661.0,569.0,9.0,2021-10-06 19:20:00,95f96534340cd5cd23c9d60bbbc51676
2021-10-11,28661.0,569.0,9.0,2021-10-06 19:20:00,dfb4cf6d9c93705b6d0cec485bfb96b3
2021-10-12,28661.0,569.0,9.0,2021-10-06 19:20:00,f2035e245e87b3b17946e3e282ff6b84
2021-10-13,29032.0,663.0,9.0,2021-10-13 15:05:00,44691027e34096d4ab1f1c0a1402be10
2021-10-14,29032.0,663.0,9.0,2021-10-13 15:05:00,371e936168c704377e50df2ede85deae
2021-10-15,29032.0,663.0,9.0,2021-10-13 15:05:00,0576793a91187676725370bc8616ffde
2021-10-16,29032.0,663.0,9.0,2021-10-13 15:05:00,14b2dac35a50710c256e5463dddefe5c
2021-10-17,29032.0,663.0,9.0,2021-10-13 15:05:00,e541b5bb556674c820bc0bb19f50792d
2021-10-18,29032.0,663.0,9.0,2021-10-13 15:05:00,eb6f358ee3d260d6a3d9077846cc4d9b
2021-10-19,29032.0,663.0,9.0,2021-10-13 15:05:00,721f772bba9022349b37b0ee808041a5
2021-10-20,29032.0,663.0,9.0,2021-10-13 15:05:00,d9d6fe21df24e795e48ca5b7f8128a3c
2021-10-21,29032.0,663.0,9.0,2021-10-13 15:05:00,6044b521c0928419b27449a7c750d006
2021-10-22,29032.0,663.0,9.0,2021-10-13 15:05:00,24e2caa4e233ff6933933f522b62bfe9
2021-10-23,29032.0,663.0,9.0,2021-10-13 15:05:00,599dfc5fa2f5a74986d26e3885747a15
2021-10-24,29032.0,663.0,9.0,2021-10-13 15:05:00,c48a5759131e711e4d45418b2611b6f3
2021-10-25,29032.0,663.0,9.0,2021-10-13 15:05:00,198ad547a273bf6f8e9e499134d90315
2021-10-26,29032.0,663.0,9.0,2021-10-13 15:05:00,df6cc867fe362bb8be6e21882a5f89d0
2021-10-27,29032.0,663.0,9.0,2021-10-13 15:05:00,644788547a0fe6e85ffc6eedc63ee978
2021-10-28,29742.0,516.0,9.0,2021-10-28 20:05:00,e53889e7f74c319e7b3cb721407e2a77
2021-10-29,29742.0,516.0,9.0,2021-10-28 20:05:00,18f774549bfae7591aa290a9e1a5d375
2021-10-30,29742.0,516.0,9.0,2021-10-28 20:05:00,502cde405b168e6d7fc70eab9e0813b9
2021-10-31,29742.0,516.0,9.0,2021-10-28 20:05:00,39e354bd699a594762952fd4487c371a
2021-11-01,29892.0,436.0,9.0,2021-11-01 20:55:00,f86ceeb8fc2755ba9a299b8035d01fd1
2021-11-02,29892.0,436.0,9.0,2021-11-01 20:55:00,238df1087f87b9396f4465fe36f4352d
2021-11-03,30007.0,464.0,9.0,2021-11-03 19:30:00,41f39bdf34d2b13cce636903140e8370
2021-11-04,30007.0,464.0,9.0,2021-11-03 19:30:00,35f7be6532d898a78770c65531bb9385
2021-11-05,30168.0,517.0,9.0,2021-11-05 17:45:00,ebac493e98acd3164d826b33e5f6cf72
2021-11-06,30168.0,517.0,9.0,2021-11-05 17:45:00,ee3bc00865d92d79093db6cf4a666cbb
2021-11-07,30168.0,517.0,9.0,2021-11-05 17:45:00,eabd76eedc4577c50aca6fa3bf01a9cd
2021-11-08,30168.0,462.0,9.0,2021-11-08 21:15:00,d4db3155914548506bd7a523fa9aafb8
2021-11-09,30226.0,459.0,9.0,2021-11-09 22:30:00,a4ed9e328d354d1217228072e7ea0406
2021-11-10,30298.0,489.0,9.0,2021-11-10 20:45:00,a3823dba3d511c3f718ace199928ee1d
2021-11-11,30298.0,489.0,9.0,2021-11-10 20:45:00,a65107790f022533f33d606be267d06e
2021-11-12,30399.0,461.0,9.0,2021-11-12 21:15:00,4d4284572cb1ae4eabf344917b5bf426
2021-11-13,30399.0,461.0,9.0,2021-11-12 21:15:00,16708b64f621b2c2b6de6af97c4a467c
2021-11-14,30399.0,461.0,9.0,2021-11-12 21:15:00,92de492b36144515af7130b44459d4d6
2021-11-15,30399.0,461.0,9.0,2021-11-12 21:15:00,7db99ad1bf8efe9f182c3e8d98134fe0
2021-11-16,30492.0,350.0,9.0,2021-11-16 23:30:00,78b989b5668a6f56e0c082f602bb7870
2021-11-17,30549.0,355.0,9.0,2021-11-17 23:00:00,7d8561a100bc7131396888bb565415bb
2021-11-18,30647.0,370.0,9.0,2021-11-18 21:30:00,94571b59fd2369a3e18dca3b3b288670
2021-11-19,30647.0,370.0,9.0,2021-11-19 18:15:00,249312fc9a2892058ad8a8e8e0bfb920
2021-11-20,30647.0,370.0,9.0,2021-11-19 18:15:00,2b3aded31567946bc96faa2682d21d52
2021-11-21,30647.0,370.0,9.0,2021-11-19 18:15:00,3c67f18d9d9ea18e5df0a1793ca67060
2021-11-22,30755.0,365.0,9.0,2021-11-22 23:15:00,4fb4b71a08b18c71ce805a499a68ec8b
2021-11-23,30755.0,365.0,9.0,2021-11-23 20:45:00,3ca64a683b5b02fcff70ceb6d4d839d2
2021-11-24,30755.0,365.0,9.0,2021-11-24 20:45:00,426f2593d777359c8ae5d89f751aaac9
2021-11-25,30755.0,365.0,9.0,2021-11-24 20:45:00,493cf920b8387a9442699bd4c2429d81
2021-11-26,30755.0,365.0,9.0,2021-11-24 20:45:00,6d39c85d6ef90f5757f1428fa8e68ea4
2021-11-27,30755.0,365.0,9.0,2021-11-24 20:45:00,a075e912777ec40eec95c7bf78b675e2
2021-11-28,30755.0,365.0,9.0,2021-11-24 20:45:00,2641cafa674b7c48ae4f0b59ebdc2eb0
2021-11-29,30977.0,323.0,9.0,2021-11-29 21:35:00,ced55cd41c6bb976127444705039b243
2021-11-30,30977.0,323.0,9.0,2021-11-29 21:35:00,10a15cb545c02d0614f4ed61d4a4686d
2021-12-01,30977.0,323.0,9.0,2021-12-01 15:25:00,009f7f7d034a3873cf00c422f0d642c4
2021-12-02,31034.0,262.0,9.0,2021-12-02 14:25:00,89a2fa02dcfa50d4a1485489e745a1a2
2021-12-03,31132.0,263.0,9.0,2021-12-03 20:35:00,dd2a2c3886493424a8a6cf5c3097f7dd
2021-12-04,31132.0,263.0,9.0,2021-12-03 20:35:00,5767a33fb906bb60f09b16ee80c95574
2021-12-05,31132.0,263.0,9.0,2021-12-03 20:35:00,f89de9bf7959825031a4c1fb4bd8ba65
2021-12-06,31132.0,263.0,9.0,2021-12-03 20:35:00,933162ff8897c8a32d986f030111db8f
2021-12-07,31202.0,264.0,9.0,2021-12-07 22:00:00,5c862d4b09e714df12b0ae8f40cec47e
2021-12-08,31242.0,281.0,9.0,2021-12-08 20:15:00,deaab97e36f9b63f77b5c443418ba72a
2021-12-09,31330.0,278.0,9.0,2021-12-09 22:00:00,8372275bcfff9cd288b8b9ccdf288d91
2021-12-10,31330.0,278.0,9.0,2021-12-09 22:00:00,f17370d2f666d8df4a97aee0d0e2b12c
2021-12-11,31330.0,278.0,9.0,2021-12-09 22:00:00,6626a190b4faef1390b306362685f68e
2021-12-12,31330.0,278.0,9.0,2021-12-09 22:00:00,cb6c124c03201823bce6534e274f6f03
2021-12-13,31441.0,280.0,9.0,2021-12-13 20:30:00,301f45183be74c12147ef2e773e47460
2021-12-14,31441.0,280.0,9.0,2021-12-14 20:30:00,a4916f400b8bd2d64e26569deebd3a37
2021-12-15,31441.0,280.0,9.0,2021-12-14 20:30:00,df00dc215a531422d01acf787d4448b5
2021-12-16,31540.0,281.0,9.0,2021-12-16 19:40:00,156dda62418ac7aa5af88e65d2e7a169
2021-12-17,31559.0,282.0,9.0,2021-12-17 22:00:00,74598c962f56e547bdac88b38b82dd09
2021-12-18,31559.0,282.0,9.0,2021-12-17 22:00:00,3c34f0db0d1400865e832047d851562d
2021-12-19,31559.0,282.0,9.0,2021-12-17 22:00:00,5011426be86f8b747c5e60dff8aca7a5
2021-12-20,31559.0,282.0,9.0,2021-12-17 22:00:00,6a8820a402250a5e8db3ddb2d92b211a
2021-12-21,31682.0,220.0,9.0,2021-12-21 21:30:00,e859dc295e8d66cdf39a62e81686bcde
2021-12-22,31682.0,220.0,9.0,2021-12-21 21:30:00,798ee651d705a7a320b9270444f562f8
2021-12-23,31726.0,250.0,9.0,2021-12-23 16:30:00,c2a139036e8297f891211d7f1567ba64
2021-12-24,31726.0,250.0,9.0,2021-12-23 16:30:00,9ad7dafa7a10c833a60af34686261713
2021-12-25,31726.0,250.0,9.0,2021-12-23 16:30:00,4fe1c63073a0839540fb64c52647066e
2021-12-26,31726.0,250.0,9.0,2021-12-23 16:30:00,15523ef8763f7b0dac1917390ad99667
2021-12-27,31824.0,275.0,9.0,2021-12-27 21:15:00,ba81bc2959d678ec3749ecb5402f187d
2021-12-28,31824.0,275.0,9.0,2021-12-28 21:15:00,6f8bda51508fed684f18323538c2dbc1
2021-12-29,31824.0,275.0,9.0,2021-12-28 21:15:00,048f20e154ac72442f17aa69b1ec5237
2021-12-30,31868.0,299.0,9.0,2021-12-30 16:00:00,71166a21f3a151631349ad7737a8ba8b
2021-12-31,31868.0,299.0,9.0,2021-12-30 16:00:00,b78b3dbd2e6d034c2050804949c17aee
2022-01-01,31868.0,299.0,9.0,2021-12-30 16:00:00,806071f17d3fa7b5861b8722c574365f
2022-01-02,31868.0,299.0,9.0,2021-12-30 16:00:00,ce49b774bfafdb610ed7b9610990622b
2022-01-03,32137.0,435.0,11.0,2022-01-03 21:15:00,c08d5760bf36d66fd665e0bef9de3460
2022-01-04,32244.0,499.0,11.0,2022-01-04 22:00:00,c3c96cc6a5eecfacc4153e13bbd2ce29
2022-01-05,32244.0,499.0,11.0,2022-01-05 20:20:00,1ee5d611563641ae316d1cffefd56517
2022-01-06,32771.0,938.0,11.0,2022-01-06 20:45:00,aac52cd3d5d2764f30bb6271bdeea06c
2022-01-07,32771.0,938.0,11.0,2022-01-06 20:45:00,8333935af2aead15c4c83e7f0e589231
2022-01-08,32771.0,938.0,11.0,2022-01-06 20:45:00,e7278cce6f0f2800e47760ecc287b097
2022-01-09,32771.0,938.0,11.0,2022-01-06 20:45:00,ba28d76118e4ef5ac4c6ea2d82551d19
2022-01-10,32345.0,1254.0,11.0,2022-01-10 21:15:00,aa65fdeaf3ae17e338e3be620524616f
2022-01-11,32643.0,1337.0,11.0,2022-01-11 18:30:00,0b0d731a05847bac984683a4d9a5c444
2022-01-12,32998.0,1581.0,11.0,2022-01-12 18:30:00,62c38eaae0ec101b376b77f24b01028b
2022-01-13,32266.0,1766.0,11.0,2022-01-13 18:20:00,63a72f7663fcbf2b4482f5811f013a45
2022-01-14,33536.0,1902.0,11.0,2022-01-14 20:10:00,88467664aefc3b3d67e18b6cd063bcd9
2022-01-15,33536.0,1902.0,11.0,2022-01-14 20:10:00,cb14f05c205f85819ad9757ec11608e9
2022-01-16,33536.0,1902.0,11.0,2022-01-14 20:10:00,101a4b186e90a6bdf4a08ab6cda240d5
2022-01-17,33536.0,1902.0,11.0,2022-01-14 20:10:00,a9841f323671c775f5a2ada4e5939701
2022-01-18,33996.0,2067.0,11.0,2022-01-18 19:20:00,c89e62b5c797a63c7a5d71c06f016493
2022-01-19,34341.0,2224.0,11.0,2022-01-19 18:20:00,b4128cb995b77f2b96d1a91867bdecb6
2022-01-20,34819.0,2544.0,11.0,2022-01-20 18:30:00,2c2144e3f905b058e2f507d125fc48b3
2022-01-21,35154.0,2748.0,11.0,2022-01-21 19:10:00,08e8c81155cd5d9df4ce2e70dd4a501a
2022-01-22,35154.0,2748.0,11.0,2022-01-21 19:10:00,26cea53673f9efb351dfd26b43947a06
2022-01-23,35154.0,2748.0,11.0,2022-01-21 19:10:00,ef06055551419bf227568b67d681749c
2022-01-24,35661.0,2645.0,11.0,2022-01-24 18:30:00,5d03324ddf09e27211a5c74e867c851e
2022-01-25,35918.0,2673.0,11.0,2022-01-25 18:40:00,6d2e13b5c3d13db17f817e5c1cfd2a2e
2022-01-26,36236.0,2702.0,11.0,2022-01-26 18:20:00,1f7e781b4207a9436aa2269c69c68675
2022-01-27,36813.0,3129.0,11.0,2022-01-27 19:15:00,72780ffbd67eb6c61370ccd56477c1d9
2022-01-28,37155.0,3110.0,11.0,2022-01-28 18:30:00,4c0268b672cb9e55523c7a9e06b3827c
2022-01-29,37155.0,3110.0,11.0,2022-01-28 18:30:00,b70e6d2eebf3a1fe63992a9c3f061837
2022-01-30,37155.0,3110.0,11.0,2022-01-28 18:30:00,9d24701257665461ac40c8e01717526e
2022-01-31,37712.0,3038.0,11.0,2022-01-31 21:45:00,edf2788f782dbb11f1f108254013205d
2022-02-01,38033.0,3022.0,11.0,2022-02-01 18:25:00,b183d72dd1b399033348a55b4dc1c0ac
2022-02-02,38480.0,3158.0,11.0,2022-02-02 20:10:00,64cd0c2b3471742fc0762a45e6658e23
2022-02-03,38657.0,3152.0,11.0,2022-02-03 18:30:00,15172472a91aab95401d2a9b0c71b914
2022-02-04,38793.0,3140.0,11.0,2022-02-04 18:35:00,d623315cc8fd62884dd06ea1c34bfaaf
2022-02-05,38793.0,3140.0,11.0,2022-02-04 18:35:00,8e7fae91304d703c44d456072c6288d8
2022-02-06,38793.0,3140.0,11.0,2022-02-04 18:35:00,aeb893ba4a2ddf83975defc9855c28a5
2022-02-07,39055.0,2647.0,11.0,2022-02-07 19:40:00,85bc903602ffbbbef10df6f7f21761dc
2022-02-08,39230.0,2359.0,11.0,2022-02-08 18:50:00,ec1b144988c24ff3f67652d568f0fbba
2022-02-09,39385.0,2401.0,11.0,2022-02-09 18:25:00,c164511650c1b59371823b3ecaddc0f1
2022-02-10,39510.0,2370.0,11.0,2022-02-10 19:00:00,78f69e7ca2b5325149cd06d5a0546052
2022-02-11,39615.0,2273.0,11.0,2022-02-11 18:40:00,fc556a4a769805eb4e39805fd81c5d23
2022-02-12,39615.0,2273.0,11.0,2022-02-11 18:40:00,648639801f3516fc3275ccb89903ff83
2022-02-13,39615.0,2273.0,11.0,2022-02-11 18:40:00,d0b912abc22f594074983f8603f38373
2022-02-14,39818.0,1659.0,11.0,2022-02-14 18:20:00,56224cde33e1964bdd32dea8fe82b8ec
2022-02-15,39914.0,1632.0,11.0,2022-02-15 18:20:00,814bd9afd201471a3d408afe4427eeed
2022-02-16,39992.0,1610.0,11.0,2022-02-16 18:30:00,a04bfdc9a6817a0ac59b30f7bcd09628
2022-02-17,40132.0,1648.0,11.0,2022-02-17 18:25:00,d24c588ac30fcd65f2d571f96947942b
2022-02-18,40188.0,1487.0,11.0,2022-02-18 18:20:00,d2d34b0985e4730d0d3df6a20e04deef
2022-02-19,40188.0,1487.0,11.0,2022-02-18 18:20:00,d739ba24b82afaf2917fffa40505c3e9
2022-02-20,40188.0,1487.0,11.0,2022-02-18 18:20:00,cff684cf884211b8fdc7d63c97940eac
2022-02-21,40188.0,1487.0,11.0,2022-02-18 18:20:00,5b51fc144e6e6cc87212e3832923d03d
2022-02-22,40358.0,1177.0,11.0,2022-02-22 18:25:00,915f34ef2f197fd32305a7ac44d05068
2022-02-23,40448.0,1166.0,11.0,2022-02-23 18:30:00,bb1cca8058d39cace4df2498e269cf3a
2022-02-24,40496.0,1126.0,11.0,2022-02-24 18:30:00,c58bf88f82cfdafe525d060f34cd37f6
2022-02-25,40568.0,1107.0,11.0,2022-02-25 18:30:00,20f4b847ffa3758168983fcdceef0525
2022-02-26,40568.0,1107.0,11.0,2022-02-25 18:30:00,95a7f5e6a99668622730d145e2a3ab84
2022-02-27,40568.0,1107.0,11.0,2022-02-25 18:30:00,ff090bc7382cbdf866d087434e023d8a
2022-02-28,40657.0,1001.0,11.0,2022-02-28 18:20:00,8c9d8fb6eab3995251c1c665ae2922d5
2022-03-01,40679.0,980.0,11.0,2022-03-01 18:30:00,c04f62d425a3275f3776bf7db7d4e5a2
2022-03-02,40769.0,1030.0,11.0,2022-03-02 18:30:00,28543b956a7840038ac174799530e77f
2022-03-03,40796.0,1035.0,11.0,2022-03-03 18:25:00,94bca3aeeb6b156ee4fb50ee8b0d3604
2022-03-04,40898.0,1087.0,11.0,2022-03-04 18:30:00,e589cb8e2a6acf80e2103e555167b2c3
2022-03-05,40898.0,1087.0,11.0,2022-03-04 18:30:00,867552462bab088c2a99d12aaccd55e3
2022-03-06,40898.0,1087.0,11.0,2022-03-04 18:30:00,fbe2b3a7f535af13b5fab13498421f9b
2022-03-07,40986.0,933.0,11.0,2022-03-07 19:20:00,b0fe4cc22e25bc8478e7503010ee848a
2022-03-08,41033.0,928.0,11.0,2022-03-08 18:25:00,ea41ea9d8bb485f7a2682f5a170549db
2022-03-09,41130.0,962.0,11.0,2022-03-09 18:20:00,1b248aced4199c4decb8a3ab54c82ddf
2022-03-10,41237.0,951.0,11.0,2022-03-10 19:15:00,07adf6fce46e828576e2fd2643383728
2022-03-11,41289.0,948.0,11.0,2022-03-11 18:30:00,41fa144ed04a9c74f8a38242fdfe08ea
2022-03-12,41289.0,948.0,11.0,2022-03-11 18:30:00,a8c49e49eb4ea89623b48332551242c1
2022-03-13,41289.0,948.0,11.0,2022-03-11 18:30:00,fd76281469ad3f67433cde331b9eabaf
2022-03-14,41390.0,907.0,11.0,2022-03-14 19:00:00,23f029e4b30a6345c38da12efbd19a98
2022-03-15,41454.0,931.0,11.0,2022-03-15 20:00:00,630459b8586ea953c35725d2ba653405
2022-03-16,41514.0,963.0,11.0,2022-03-16 19:05:00,ccf5584de00f95f980a68a89204cd6c3
2022-03-17,41554.0,956.0,11.0,2022-03-17 17:45:00,e5cac8313f6f9de80be2040c639b7081
2022-03-18,41587.0,798.0,11.0,2022-03-18 17:25:00,b8723b2f3ad7ca9d726f16b190714607
2022-03-19,41587.0,798.0,11.0,2022-03-18 17:25:00,6f7d3a181fd4d09cb0191d71e9980c26
2022-03-20,41587.0,798.0,11.0,2022-03-18 17:25:00,b5bbfa6e1413c6463c4363d5c511a2aa
2022-03-21,41652.0,819.0,11.0,2022-03-21 17:35:00,dccaf38cf6d73738ddb223663cdf15b8
2022-03-22,41687.0,781.0,11.0,2022-03-22 14:55:00,0cd5ac77a6d938fcee4cb600c27ab503
2022-03-23,41687.0,781.0,11.0,2022-03-22 14:55:00,5df1b89f6effb8891af7f7b600b10c89
2022-03-24,41765.0,803.0,11.0,2022-03-24 17:40:00,f3e4e3038c3f5974776d82a055c64c1e
2022-03-25,41827.0,839.0,11.0,2022-03-25 17:40:00,b1716757a2f117167d8aadc8e6252106
2022-03-26,41827.0,839.0,11.0,2022-03-25 17:40:00,2c446969e8c182de58a590ca7897590a
2022-03-27,41827.0,839.0,11.0,2022-03-25 17:40:00,525453acbf5deca52f8f87e19ac4fb3f
2022-03-28,41909.0,745.0,11.0,2022-03-28 17:15:00,7f8c83a348236d4bbf3b234a95b7edda
2022-03-29,41930.0,734.0,11.0,2022-03-29 17:35:00,2ddd153fce51e6b2e5579571b1174680
2022-03-30,41968.0,726.0,11.0,2022-03-30 17:50:00,cf77c1c67b9430029365595f522f707e
2022-03-31,41998.0,721.0,11.0,2022-03-31 17:50:00,7fe06fedf7f4667426d315743a346533
2022-04-01,42018.0,715.0,11.0,2022-04-01 21:00:00,4607a866f05e2b16c993127f34c761d7
2022-04-02,42018.0,715.0,11.0,2022-04-01 21:00:00,f8f829b101b165fa86086656240cfedf
2022-04-03,42018.0,715.0,11.0,2022-04-01 21:00:00,32384fc55a5bfac4752e9544b6ed8846
2022-04-04,42071.0,630.0,11.0,2022-04-04 19:00:00,2450f5121a19f8cf6e9e2ea870346bcd
2022-04-05,42104.0,634.0,11.0,2022-04-05 17:30:00,bf1be0153aa3a8f9e6800662b9ff2000
2022-04-06,42158.0,625.0,11.0,2022-04-06 17:15:00,ddf75f1d0b282817e950af2a61bdcf38
2022-04-07,42179.0,629.0,11.0,2022-04-07 17:20:00,64c2130cdc28f03fd09007f046dcf0b0
2022-04-08,42204.0,647.0,11.0,2022-04-08 20:30:00,1895fc81a9cb80e15571bb77b1b61cee
2022-04-09,42204.0,647.0,11.0,2022-04-08 20:30:00,56d598b642d11b792c4cf59a382557f2
2022-04-10,42204.0,647.0,11.0,2022-04-08 20:30:00,9aa0ab560da810dee1a1b610e2beb344
2022-04-11,42242.0,568.0,11.0,2022-04-11 17:15:00,d2b55790cc5b3e31f0e531deac8fbaf6
2022-04-12,42318.0,572.0,11.0,2022-04-12 13:30:00,8cd85d5751cc51e0931b8de5260415c8
2022-04-13,42371.0,576.0,11.0,2022-04-13 17:20:00,5a8d638ef7b3c32e862892fb232d9103
2022-04-14,42371.0,564.0,11.0,2022-04-14 17:10:00,4e88a9c1ce792e6812421013a48aa613
2022-04-15,42380.0,527.0,11.0,2022-04-15 17:30:00,9f03004670cc631c74f9b2749cc15449
2022-04-16,42380.0,527.0,11.0,2022-04-15 17:30:00,336c33546a1090fe02a208d73da2feaa
2022-04-17,42380.0,527.0,11.0,2022-04-15 17:30:00,4727c49b321e7aae3323c83eef449240
2022-04-18,42428.0,520.0,11.0,2022-04-18 13:25:00,b76e0048273e1d4ffd14efb15f18744a
2022-04-19,42448.0,303.0,11.0,2022-04-19 17:20:00,c9dc39799c64755e4686542365d6827d
2022-04-20,42472.0,277.0,11.0,2022-04-20 17:20:00,e72117376cc2d7d303b68e61179f049b
2022-04-21,42490.0,267.0,11.0,2022-04-21 17:20:00,08cf2ff440c201fc737a6dca1f5e5589
2022-04-22,42511.0,254.0,11.0,2022-04-22 17:40:00,92993c1c3fcd15aaeddcc1c5b1cfa378
2022-04-23,42511.0,254.0,11.0,2022-04-22 17:40:00,475669ff9379acadd2a4f892c6993950
2022-04-24,42511.0,254.0,11.0,2022-04-22 17:40:00,3233a13abd21c6e19142a2866913af47
2022-04-25,42533.0,249.0,11.0,2022-04-25 17:10:00,0aebe1a1708d3c373c302bc93cbbbeae
2022-04-26,42564.0,225.0,11.0,2022-04-26 17:45:00,000f1bd3c02cd44031b3a0c1485b8ae0
2022-04-27,42579.0,238.0,11.0,2022-04-27 17:20:00,29542cf3a27cedd79959eef6454f2ffe
2022-04-28,42623.0,260.0,11.0,2022-04-28 18:00:00,ad8a93c1c530fd67b63cc1fd7443cec4
2022-04-29,42670.0,291.0,11.0,2022-04-29 17:15:00,6b8d098dbd1b06c2b4be79e99e968b00
2022-04-30,42670.0,291.0,11.0,2022-04-29 17:15:00,b3c63af957dae4c7dca18154f35c6ff8
2022-05-01,42670.0,291.0,11.0,2022-04-29 17:15:00,b9f58e092bc6e1b876760035364833b2
2022-05-02,42747.0,323.0,11.0,2022-05-02 17:35:00,e34426f91f8e03241846d2e0ae28212e
2022-05-03,42821.0,370.0,11.0,2022-05-03 17:45:00,3b9c30b86319947a8661486ab05cde07
2022-05-04,42821.0,370.0,11.0,2022-05-03 17:45:00,ee55032c3e7f2d99c3015eb05c0c6cf2
2022-05-05,42883.0,413.0,11.0,2022-05-05 17:15:00,1a083a7f2c65439064bba95876d41f83
2022-05-06,42898.0,418.0,11.0,2022-05-06 17:40:00,0d98147ac1afd2b0fd055921ed77671c
2022-05-07,42898.0,418.0,11.0,2022-05-06 17:40:00,f40bef86ad01f1c9b15a96c825a8f0b1
2022-05-08,42898.0,418.0,11.0,2022-05-06 17:40:00,5362f1f09c0f8d0c501ed21c39aa9f84
2022-05-09,42933.0,427.0,11.0,2022-05-09 17:20:00,2ad18ad2b6245a0759c91c4f7f62136e
2022-05-10,42967.0,410.0,11.0,2022-05-10 17:20:00,cc2dd8d83b3226c6880b679f6a9e5c0e
2022-05-11,43027.0,420.0,11.0,2022-05-11 17:30:00,49b973b0f0e8272804e3b240949c8b78
2022-05-12,43056.0,416.0,11.0,2022-05-12 17:20:00,67a115f230a2520c6bd79b5ec43e53a4
2022-05-13,43090.0,440.0,11.0,2022-05-13 18:00:00,8539df4457162590617f7d5f9d5aa34f
2022-05-14,43090.0,440.0,11.0,2022-05-13 18:00:00,76d2000d225cc8b20df5afec358f4aed
2022-05-15,43090.0,440.0,11.0,2022-05-13 18:00:00,8006aace0ded756625e04586be122f43
2022-05-16,43120.0,398.0,11.0,2022-05-16 17:15:00,a6a8d92bed5c395cce389e8210eb9b7b
2022-05-17,43153.0,410.0,11.0,2022-05-17 17:10:00,32eebe9cd7f9405ae72222136e8bcdc1
2022-05-18,43226.0,447.0,11.0,2022-05-18 17:45:00,14897144fa4678be65808b3730908357
2022-05-19,43274.0,459.0,11.0,2022-05-19 17:45:00,6f6a8f18edefe70d91e3c3b7026de619
2022-05-20,43274.0,459.0,11.0,2022-05-20 17:45:00,22255a2a779211ce011cd9d2ff617af9
2022-05-21,43274.0,459.0,11.0,2022-05-20 17:45:00,f0e75e240310ef8938400c11f7b372e4
2022-05-22,43274.0,459.0,11.0,2022-05-20 17:45:00,48d5f748793d9289af2f257a22f890f2
2022-05-23,43338.0,467.0,11.0,2022-05-23 17:30:00,f906f09cbeaf0078cc3b92d1313ac3a2
2022-05-24,43374.0,473.0,11.0,2022-05-24 17:15:00,7aaa88036a352cd1dc6abed0718caa92
2022-05-25,43426.0,452.0,11.0,2022-05-25 17:20:00,fed1a0e5ba8ff80c1033a8da6069ae34
2022-05-26,43441.0,454.0,11.0,2022-05-26 17:20:00,65c26b618266c6d5443ec203e54cd62e
2022-05-27,43454.0,458.0,11.0,2022-05-27 17:15:00,da8edfe3f77dc70654a00b0efe923bac
2022-05-28,43454.0,458.0,11.0,2022-05-27 17:15:00,2e37f477710ac078e75761c0a8085a3d
2022-05-29,43454.0,458.0,11.0,2022-05-27 17:15:00,8b9589bdb465185c09a361acc3ceb787
2022-05-30,43454.0,458.0,11.0,2022-05-27 17:15:00,bac44f6b3f810996769298a266b0d849
2022-05-31,43534.0,435.0,11.0,2022-05-31 17:20:00,b963ee231a3a33468f98901e51b5eb6e
2022-06-01,43612.0,437.0,11.0,2022-06-01 17:10:00,85d7f21f20762563f01bf3a8c9158313
2022-06-02,43612.0,437.0,11.0,2022-06-02 17:10:00,9f028940a713452c57e00a6f51c591c0
2022-06-03,43658.0,467.0,11.0,2022-06-03 18:00:00,22406b6364401754e423be4992e40837
2022-06-04,43658.0,467.0,11.0,2022-06-03 18:00:00,ff09750a0dbc7610fb847dbbf8238cdf
2022-06-05,43658.0,467.0,11.0,2022-06-03 18:00:00,a986cbcb9ac8dcd559dd63f4ef8b9046
2022-06-06,43703.0,481.0,11.0,2022-06-06 17:15:00,52cca33537b82c5d730631317e53d3d3
2022-06-07,43738.0,490.0,11.0,2022-06-07 17:10:00,a8419249a84d090f2fa3ce857a2f40b0
2022-06-08,43799.0,502.0,11.0,2022-06-08 17:55:00,5f0cacd4d7c914392007aa6cf5d5df0b
2022-06-09,46980.0,483.0,11.0,2022-06-09 17:15:00,917d6ff0007d33add0ba3b0a836c8a5e
2022-06-10,47056.0,542.0,11.0,2022-06-10 17:25:00,6c201970b14509857baab7cf2e39d2ef
2022-06-11,47056.0,542.0,11.0,2022-06-10 17:25:00,f8372dc4739040784edb5df81664d433
2022-06-12,47056.0,542.0,11.0,2022-06-10 17:25:00,9d8c4c645b30706952565e6f19fc6142
2022-06-13,44397.0,529.0,11.0,2022-06-13 20:25:00,794d12cc797bb75151518e4df6989602
2022-06-14,44108.0,612.0,11.0,2022-06-14 17:15:00,e790ff956b164127d91574abb292caf5
2022-06-15,44108.0,612.0,11.0,2022-06-15 17:05:00,1f4ab707bafcb9e61fc0f0865f92feff
2022-06-16,45929.0,654.0,11.0,2022-06-16 17:55:00,82547dd6016100fd981e9b865985e273
2022-06-17,44261.0,670.0,11.0,2022-06-17 17:15:00,efff2e5ca37bbbb890a1512ffc665a03
2022-06-18,44261.0,670.0,11.0,2022-06-17 17:15:00,afbc98180462ebe8c6f2fa4278655001
2022-06-19,44261.0,670.0,11.0,2022-06-17 17:15:00,3a8a1515bf3a8e59c4df884abf25588d
2022-06-20,44261.0,670.0,11.0,2022-06-17 17:15:00,298fd31099cf11375dbc772d3fe48a7d
2022-06-21,43703.0,481.0,11.0,2022-06-21 17:45:00,a2121b7b71770935f9de80b0317b8c56
2022-06-22,44439.0,634.0,11.0,2022-06-22 17:15:00,5bd992ead8eba0d860f897137f95b02a
2022-06-23,44526.0,671.0,11.0,2022-06-23 17:15:00,bcbf2e2b7e8edd531cb844a4e51306a2
2022-06-24,44572.0,626.0,11.0,2022-06-24 21:00:00,c8477c8fc35157faa3500dc6bce9ec3d
2022-06-25,44572.0,626.0,11.0,2022-06-24 21:00:00,85123eebd449457bf202d39ce1783f7e
2022-06-26,44572.0,626.0,11.0,2022-06-24 21:00:00,a9877c8542402baacde7adfd8fc8e4e5
2022-06-27,44647.0,607.0,11.0,2022-06-27 18:55:00,50d3609b85c94346cfa710c22e51a1fb
2022-06-28,45122.0,618.0,11.0,2022-06-28 15:45:00,03b5a78a69ab04cc23e7f1f2a87b9f15
2022-06-29,46191.0,692.0,11.0,2022-06-29 17:45:00,ec51fec7b441b35308ec87d3fdc373e7
2022-06-30,46241.0,697.0,11.0,2022-06-30 18:00:00,cec9a5618165961fd034ce8bbb71a4f9
2022-07-01,46010.0,699.0,11.0,2022-07-01 17:15:00,1247dfc022c1341fad7720058fbc35e9
2022-07-02,46010.0,699.0,11.0,2022-07-01 17:15:00,b8692734035ec8516d81b3ef0dcc7a19
2022-07-03,46010.0,699.0,11.0,2022-07-01 17:15:00,1821cce50e4630f7fa417c27e148c5e3
2022-07-04,46010.0,699.0,11.0,2022-07-01 17:15:00,b50be98f06da2ae3641d9a9d6d32e00b
2022-07-05,46590.0,774.0,11.0,2022-07-05 17:15:00,5675e3c6a345982953ddb5bfc85fdc69
2022-07-06,46745.0,688.0,11.0,2022-07-06 18:20:00,8e88a6d68f131ebc0d2343ae47bef9ef
2022-07-07,46814.0,680.0,11.0,2022-07-07 17:35:00,8e58a9c657fddb44e0db3c027695bde7
2022-07-08,46875.0,657.0,12.0,2022-07-08 18:00:00,a9a0817ec49f1425d2b94a2c956ca7f6
2022-07-09,46875.0,657.0,12.0,2022-07-08 18:00:00,8e5572ade92ed0ed4b5aa377c2682cc7
2022-07-10,46875.0,657.0,12.0,2022-07-08 18:00:00,e07bc39006f3a76dac28b70d6659da1e
2022-07-11,46964.0,674.0,12.0,2022-07-11 17:35:00,a8dc7a07d8e08834d07ee316f7431ab7
2022-07-12,47006.0,652.0,12.0,2022-07-12 17:55:00,3b4f5a2be2d2cc90d2222cbb9da5f098
2022-07-13,47006.0,652.0,12.0,2022-07-12 17:55:00,91b087153adc11d751deede1b3258238
2022-07-14,47176.0,586.0,11.0,2022-07-14 17:30:00,0e3050f69441af98ce24cc58e820b7d6
2022-07-15,47176.0,586.0,11.0,2022-07-14 17:30:00,a3a4e9d90074281d627502372d00e1d5
2022-07-16,47176.0,586.0,11.0,2022-07-14 17:30:00,9098ba8177354d1a3565b2b911da37dd
2022-07-17,47176.0,586.0,11.0,2022-07-14 17:30:00,e390fedfba096c8c09f43beb9fdb4b58
2022-07-18,47252.0,584.0,11.0,2022-07-18 19:40:00,90d2c91f20e4411680508b3de4cbb1fb
2022-07-19,47252.0,603.0,11.0,2022-07-19 17:30:00,b7ab4fe5f8a2321a06e2f630d048432a
2022-07-20,47814.0,621.0,11.0,2022-07-20 18:40:00,1416bdbbbdbe7a41ff127845da5754e5
2022-07-21,45855.0,605.0,11.0,2022-07-21 17:20:00,94e6bb584d7eb89f0dcec3e675fcef62
2022-07-22,45943.0,627.0,11.0,2022-07-22 19:15:00,50f808b88707fee55ab18efa959d09a4
2022-07-23,45943.0,627.0,11.0,2022-07-22 19:15:00,216248734f005f6ea0b4ab4f4ba4ce24
2022-07-24,45943.0,627.0,11.0,2022-07-22 19:15:00,7673ca8035f661aa3dff499f2e00bba3
2022-07-25,46056.0,653.0,11.0,2022-07-25 18:00:00,e81400b9cadd5af64a06cbe993ffba9e
2022-07-26,46147.0,689.0,11.0,2022-07-26 17:35:00,148152cbe2e7e341ffb27012d0cd0d8e
2022-07-27,46193.0,704.0,11.0,2022-07-26 18:25:00,2f78da5c47252e29af46184c35a0079b
2022-07-28,46234.0,681.0,11.0,2022-07-28 17:30:00,4c0be0e62a03c524da545581c2048046
2022-07-29,46307.0,695.0,11.0,2022-07-29 17:30:00,1bd88999fe4f916af141c753b744be56
2022-07-30,46307.0,695.0,11.0,2022-07-29 17:30:00,edde4f74dda64b965a2bd1ace4af9633
2022-07-31,46307.0,695.0,11.0,2022-07-29 17:30:00,12d31ff9569a8b09cce87e6b1d1c55ab
2022-08-01,46388.0,646.0,11.0,2022-08-01 18:00:00,a3cde5516d9f5ce886b475aea6087edb
2022-08-02,46432.0,628.0,11.0,2022-08-02 17:20:00,ce2d54fe216187cbeb598b1ae7c62f38
2022-08-03,46461.0,575.0,11.0,2022-08-03 17:40:00,d7eba82bf5d1af0319f2968cf36dbf41
2022-08-04,46532.0,619.0,11.0,2022-08-04 17:20:00,0dc9417aeacfc9d91dc9c739dfc238bb
2022-08-05,46582.0,577.0,11.0,2022-08-05 18:10:00,04041f4eed17fa31e5de14fcdb7142d9
2022-08-06,46582.0,577.0,11.0,2022-08-05 18:10:00,33636ecaac9637c9dd87069ea5e31eda
2022-08-07,46582.0,577.0,11.0,2022-08-05 18:10:00,c3385cecf8b75df3cacb8daa8afbb1a6
2022-08-08,46632.0,549.0,11.0,2022-08-08 18:00:00,02e16fe010ba71e190db459e3a9aef0d
2022-08-09,46690.0,556.0,11.0,2022-08-09 18:00:00,2a19a6046920d1b731cb1ab478e845a1
2022-08-10,46751.0,554.0,11.0,2022-08-10 17:30:00,b223097ee52bc00a0ea61558fda6f13a
2022-08-11,46789.0,572.0,11.0,2022-08-11 17:15:00,4fff6ff1501dae7d88a2bcc4b74d6f9c
2022-08-12,46829.0,538.0,11.0,2022-08-12 17:45:00,25f22650981de0d5b9a90d917fb58a55
2022-08-13,46829.0,538.0,11.0,2022-08-12 17:45:00,c02352d84196e6dc3d186c2de8b05b35
2022-08-14,46829.0,538.0,11.0,2022-08-12 17:45:00,46fa6948cd0db9df19f62c453033a8cf
2022-08-15,46885.0,546.0,11.0,2022-08-15 17:35:00,fc461d1b580fc81630ce283c628f460d
2022-08-16,46909.0,542.0,11.0,2022-08-16 17:25:00,5994340056b7dcb217e062f04e44e39f
2022-08-17,46922.0,530.0,11.0,2022-08-17 17:40:00,f53d2db513ad04a0404b7924dbe697d0
2022-08-18,46955.0,507.0,11.0,2022-08-18 17:20:00,8837a681a7c644124c070a853f849249
2022-08-19,47024.0,433.0,11.0,2022-08-19 17:40:00,8cda903499b1edf9c3fbd8ddb27d7558
2022-08-20,47024.0,433.0,11.0,2022-08-19 17:40:00,5f8616a360f348ff771794aeba4d8dfd
2022-08-21,47024.0,433.0,11.0,2022-08-19 17:40:00,47f04a96b316a8f8df620fa70ac45946
2022-08-22,47048.0,423.0,11.0,2022-08-22 17:20:00,42d3026ecb8ea98eb932a9615283ea5f
2022-08-23,47086.0,445.0,11.0,2022-08-23 17:10:00,5a24a9414ad41dd05caa55c0dc9728ce
2022-08-24,47129.0,443.0,11.0,2022-08-24 17:35:00,8bfa7a07d7710d83557fe9f7c73e960e
2022-08-25,47167.0,449.0,11.0,2022-08-25 17:10:00,611566e709385ca2f544afbec25ba96b
2022-08-26,47167.0,449.0,11.0,2022-08-25 17:10:00,31f756bba37f03eabccb66a1a3056ce0
2022-08-27,47167.0,449.0,11.0,2022-08-25 17:10:00,5d8bc746c183c384fcb30e358f5dc3a8
2022-08-28,47167.0,449.0,11.0,2022-08-25 17:10:00,979798e8f05accf81094444f45598326
2022-08-29,47237.0,439.0,11.0,2022-08-29 17:25:00,dbed6e6766d8d341cddf3c3bceecd774
2022-08-30,47276.0,440.0,11.0,2022-08-30 18:00:00,bf32603db6f4c09ea6476c4a0d793283
2022-08-31,47303.0,433.0,11.0,2022-08-31 17:25:00,36a8cd2047aafc62b3d3363d85b9f78c
2022-09-01,47330.0,430.0,11.0,2022-09-01 17:10:00,1419d7368a3b03cd79c56a83bbbc9815
2022-09-02,47346.0,416.0,11.0,2022-09-02 17:35:00,64c36a42bb37fddb1d16d25eeaa9f3e4
2022-09-03,47346.0,416.0,11.0,2022-09-02 17:35:00,63aef7a506d91b9a7c6afb53c6b28abd
2022-09-04,47346.0,416.0,11.0,2022-09-02 17:35:00,6a1b974c4796320c50ff97a2de4286a7
2022-09-05,47346.0,416.0,11.0,2022-09-02 17:35:00,dc4ec40419d864a0dd4b7af4dde7c1d3
2022-09-06,47413.0,448.0,11.0,2022-09-06 17:35:00,17f8928d687aa2da4d85e15904690838
2022-09-07,47442.0,451.0,11.0,2022-09-07 18:20:00,94a2e2286da4f3057215fe7b69f785ff
2022-09-08,47493.0,463.0,11.0,2022-09-08 17:35:00,0fdbe6c9d4d7eabd34691886d355674b
2022-09-09,47529.0,428.0,11.0,2022-09-09 17:25:00,1a689ba9dbfac75661227a0378eff0a0
2022-09-10,47529.0,428.0,11.0,2022-09-09 17:25:00,b9023c89711e3050d3dfcd43f546328c
2022-09-11,47529.0,428.0,11.0,2022-09-09 17:25:00,20c7eafcc4dbe9efbe48ba2e3b9864fd
2022-09-12,47557.0,418.0,11.0,2022-09-12 21:00:00,c633e0e3e315cb25355dd6cc7728b19c
2022-09-13,47577.0,409.0,11.0,2022-09-13 17:10:00,2b3310835b771ef7c9a0738d1ebecbba
2022-09-14,47590.0,399.0,11.0,2022-09-14 17:15:00,3331e277cacfb86fbce7328f67b53ecf
2022-09-15,47619.0,421.0,11.0,2022-09-15 17:10:00,ed875904c52269fad7c5144a670897d6
2022-09-16,47628.0,409.0,11.0,2022-09-16 19:15:00,81e6e0250d27d2b23dc55e66c50575ea
2022-09-17,47628.0,409.0,11.0,2022-09-16 19:15:00,2256a7ae7d98e61d90a67e1abdb6fc8f
2022-09-18,47628.0,409.0,11.0,2022-09-16 19:15:00,d156e087e40ad0a0eed4d2a140777ef1
2022-09-19,47666.0,417.0,11.0,2022-09-19 18:45:00,9b9a21da0a5bc5ce17dd533cc5d7657b
2022-09-20,47689.0,421.0,11.0,2022-09-20 17:15:00,65c9880f9ddbaf8868f89b2d35cc12af
2022-09-21,47711.0,414.0,11.0,2022-09-21 17:10:00,6ad191f56bfdc53fec13851338280c39
2022-09-22,47717.0,406.0,11.0,2022-09-22 17:10:00,86dc31ed3c2c5740a5e986b43813e576
2022-09-23,47730.0,409.0,11.0,2022-09-23 19:15:00,6a27b1df17fb31b1e04ab0ce84d9d215
2022-09-24,47730.0,409.0,11.0,2022-09-23 19:15:00,828ced1bde0b4ac29efb6033f7f4f251
2022-09-25,47730.0,409.0,11.0,2022-09-23 19:15:00,fc0e3d2ada26982e372b2bf42e3250e7
2022-09-26,47753.0,382.0,11.0,2022-09-26 18:30:00,1afbfda2e032babb08a607b963ff679f
2022-09-27,47778.0,392.0,11.0,2022-09-27 17:40:00,cb734c979aab2f4bc46a25eb04621d52
2022-09-28,47801.0,394.0,11.0,2022-09-28 17:45:00,489e5b0b92ebb949f7b6310ab36f9aa9
2022-09-29,47830.0,417.0,11.0,2022-09-29 17:45:00,c61d8d3d2d8cdd0d9f680e06090b0b7c
2022-09-30,47830.0,417.0,11.0,2022-09-29 17:45:00,6cacfec218a82560a8d0c6e57c71c38f
2022-10-01,47830.0,417.0,11.0,2022-09-29 17:45:00,6a204c8ed1eba3c3f92220614015eaec
2022-10-02,47830.0,417.0,11.0,2022-09-29 17:45:00,ef042e70645ca5e4c541b4fb682b602c
2022-10-03,47894.0,420.0,11.0,2022-10-03 17:50:00,9ac74a5d58c6a0b6e02e63bb256e03ff
2022-10-04,47894.0,420.0,11.0,2022-10-03 17:50:00,305bc8e0235ee7373d1d6920cf358a61
2022-10-05,47894.0,420.0,11.0,2022-10-03 17:50:00,f105d99fb83d163c8983bb719154932d
2022-10-06,47894.0,420.0,11.0,2022-10-03 17:50:00,808c7a25099501e4a86fab867b142d66
2022-10-07,47894.0,420.0,11.0,2022-10-03 17:50:00,4bc576ccb21a8a38d57e52b2479463a7
2022-10-08,47894.0,420.0,11.0,2022-10-03 17:50:00,b775b7ccc6d183f1e5c7e570c76e6507
2022-10-09,47894.0,420.0,11.0,2022-10-03 17:50:00,ebabd633d5799e01551144d8057577d9
2022-10-10,47894.0,420.0,11.0,2022-10-03 17:50:00,33232e0a6acbfcec75b11792da57a258
2022-10-11,48006.0,450.0,11.0,2022-10-11 17:40:00,c22d3bf2c707ba138d455fd69305a07e
2022-10-12,48006.0,450.0,11.0,2022-10-11 17:40:00,225d42e9cad8bd7152eb2fa24422b3a5
2022-10-13,48006.0,450.0,11.0,2022-10-11 17:40:00,d603754cf5251fa1ab65b4e0e8d2ca34
2022-10-14,48006.0,450.0,11.0,2022-10-11 17:40:00,5611c2ec6f6fc20cdbc8f252251d6865
2022-10-15,48006.0,450.0,11.0,2022-10-11 17:40:00,4f3ddd2e59c3c19414149676171a3d67
2022-10-16,48006.0,450.0,11.0,2022-10-11 17:40:00,d828c4a649fe95a592c429894cbab1ee
2022-10-17,48068.0,415.0,11.0,2022-10-17 19:10:00,1047d2aa9908c25c5d51e332459698b3
2022-10-18,48068.0,415.0,11.0,2022-10-17 19:10:00,3febea8a0501809b822679fed9538382
2022-10-19,48068.0,415.0,11.0,2022-10-17 19:10:00,82deaa44800aeabb92358630bcc934bf
2022-10-20,48068.0,415.0,11.0,2022-10-17 19:10:00,0acb6f25008e8a648f56c19fb5617bfb
2022-10-21,48068.0,415.0,11.0,2022-10-17 19:10:00,78f7dca5c7cbfd6222b0fc7b595fd7cf
2022-10-22,48068.0,415.0,11.0,2022-10-17 19:10:00,8c119b0420abdcf13897356580f63a18
2022-10-23,48068.0,415.0,11.0,2022-10-17 19:10:00,6e7355a82bd1b170d339d744ab69c05c
2022-10-24,48192.0,481.0,11.0,2022-10-24 17:35:00,24d4b7674a4240f544e03ea3eeb73d67
2022-10-25,48192.0,481.0,11.0,2022-10-24 17:35:00,ceba38eb4134fd7f0a69b347a786b740
2022-10-26,48192.0,481.0,11.0,2022-10-24 17:35:00,0181455e1554af5b5920328f2a62acef
2022-10-27,48192.0,481.0,11.0,2022-10-24 17:35:00,325656c41f0c6ef48133ee4fcbfdb28a
2022-10-28,48192.0,481.0,11.0,2022-10-24 17:35:00,cec9b1bc6f680d47480ebff84cb6bea4
2022-10-29,48192.0,481.0,11.0,2022-10-24 17:35:00,673c377f0915a34ce32a3dfa2aeb9258
2022-10-30,48192.0,481.0,11.0,2022-10-24 17:35:00,d12ce433b7eebd3208264c899156744b
2022-10-31,48336.0,535.0,11.0,2022-10-31 17:35:00,ab98d72bff8af29543e6b0d441926ef3
2022-11-01,48336.0,535.0,11.0,2022-10-31 17:35:00,7952a092b954d54829a9e48680164f37
2022-11-02,48336.0,535.0,11.0,2022-10-31 17:35:00,508c0363f66a3808b923f94164d08eed
2022-11-03,48336.0,535.0,11.0,2022-10-31 17:35:00,ab5966128b54b3cc7cce42c4273e0fea
2022-11-04,48336.0,535.0,11.0,2022-10-31 17:35:00,a47bec3d5fd46490dd6fc898a75f6875
2022-11-05,48336.0,535.0,11.0,2022-10-31 17:35:00,9bfcaa186db67fe78bee4088bc88c25f
2022-11-06,48336.0,535.0,11.0,2022-10-31 17:35:00,3e9888b03f84952842d491a2a8154c57
2022-11-07,48538.0,596.0,11.0,2022-11-07 18:45:00,dd76b4c68b2a22ffd2fd79e49affc90c
2022-11-08,48538.0,596.0,11.0,2022-11-07 18:45:00,16733e4cdc11445aab9fbd7dba2fbe0d
2022-11-09,48538.0,596.0,11.0,2022-11-07 18:45:00,8c9002455c08506cfc9c2dcec06d8073
2022-11-10,48538.0,596.0,11.0,2022-11-07 18:45:00,0234c411c53aa1208ed2eaa534f381e4
2022-11-11,48538.0,596.0,11.0,2022-11-07 18:45:00,cf15d958421d0aa6b4cbaf15969032b9
2022-11-12,48538.0,596.0,11.0,2022-11-07 18:45:00,320cc0156e3b0cb51722031923af7dfd
2022-11-13,48538.0,596.0,11.0,2022-11-07 18:45:00,4f4e0afb0fa81c1fa800f3b9dc5018b2
2022-11-14,48538.0,596.0,11.0,2022-11-07 18:45:00,f6a3bb90d3a7dec842d2ee72c23cd896
2022-11-15,48538.0,596.0,11.0,2022-11-07 18:45:00,0eab94edff685b17017f16818af0fbfd
2022-11-16,48538.0,596.0,11.0,2022-11-07 18:45:00,e89426b74b045219d329e005b647b35d
2022-11-17,48538.0,596.0,11.0,2022-11-07 18:45:00,953cb59d0b9f5de6e2dcb859a9f96010
2022-11-18,48538.0,596.0,11.0,2022-11-07 18:45:00,a93c00a84859a728a25c7cd40a08a3de
2022-11-19,48538.0,596.0,11.0,2022-11-07 18:45:00,8a5433336cce4af27cb10b3700309a1b
2022-11-20,48538.0,596.0,11.0,2022-11-07 18:45:00,09f14fc6bbc980ebf770337b14045029
2022-11-21,52247.0,632.0,11.0,2022-11-21 18:45:00,f2caed897869f536692c8abc346a0716
2022-11-22,52247.0,632.0,11.0,2022-11-21 18:45:00,c055723626de3e9878fa370e300bacb5
2022-11-23,52247.0,632.0,11.0,2022-11-21 18:45:00,95c297b8fde7657f9cbcbbd13bad2b85
2022-11-24,52247.0,632.0,11.0,2022-11-21 18:45:00,58c257fbe2fd4f1b8c9140b480a45f2d
2022-11-25,52247.0,632.0,11.0,2022-11-21 18:45:00,e5a90f76e6739de1b8bbf2e5707b4635
2022-11-26,52247.0,632.0,11.0,2022-11-21 18:45:00,886b35df0d2fd99c152f4c0c43b7d02e
2022-11-27,52247.0,632.0,11.0,2022-11-21 18:45:00,a3e868e8da9b158de1db09274ba5124f
2022-11-28,52247.0,632.0,11.0,2022-11-21 18:45:00,fc2d89893e9efd3e1a889d8bd2b663ef
2022-11-29,52247.0,632.0,11.0,2022-11-21 18:45:00,62e71d3f40b61dfeea469abe4cb58a97
2022-11-30,52247.0,632.0,11.0,2022-11-21 18:45:00,1600f880a3953fd15817d681e4656ae8
2022-12-01,52247.0,632.0,11.0,2022-11-21 18:45:00,33cc069c38903d87b0e3039902702650
2022-12-02,52247.0,632.0,11.0,2022-11-21 18:45:00,9209df18fb4b330356be155e927602fc
2022-12-03,52247.0,632.0,11.0,2022-11-21 18:45:00,ae97889e232b2e82c468b17cfaa58c2a
2022-12-04,52247.0,632.0,11.0,2022-11-21 18:45:00,6f05cc0352d433e85c54e7e88beee60c
2022-12-05,52247.0,632.0,11.0,2022-11-21 18:45:00,f74fed34deb5a9943dde36ef117ac1dc
2022-12-06,52247.0,632.0,11.0,2022-11-21 18:45:00,90fdfdb445d3caad65a97e2a62d8d8da
2022-12-07,52247.0,632.0,11.0,2022-11-21 18:45:00,fa7e42613a20adeec4b6bd1904bd4cb9
2022-12-08,52247.0,632.0,11.0,2022-11-21 18:45:00,a1d27a82bb3c24763c884094b4f70aac
2022-12-09,52247.0,632.0,11.0,2022-11-21 18:45:00,9b3ce6200620a4dce562efa2d137c735
2022-12-10,52247.0,632.0,11.0,2022-11-21 18:45:00,1779192d04a70be4c38ad3993f42a1f5
2022-12-11,52247.0,632.0,11.0,2022-11-21 18:45:00,4ccb224ce30577fb49dbc1c5273cc6db
2022-12-12,49661.0,851.0,11.0,2022-12-12 22:30:00,9c3745b36441c0c77122e4ccc7e2e153
2022-12-13,49661.0,851.0,11.0,2022-12-12 22:30:00,9a9aa883f7c5589b442eb9c1a91f6242
2022-12-14,49661.0,851.0,11.0,2022-12-12 22:30:00,46853da64088991ee59f6b26a3fba84e
2022-12-15,49661.0,851.0,11.0,2022-12-12 22:30:00,34594a4bbc1ece9d83bcb3e86c6eef09
2022-12-16,49661.0,851.0,11.0,2022-12-12 22:30:00,6b4fe7509ea03bc85a51d6722c1c8287
2022-12-17,49661.0,851.0,11.0,2022-12-12 22:30:00,075c0105e6b5ee5024537ae129e485fd
2022-12-18,49661.0,851.0,11.0,2022-12-12 22:30:00,dd1ed28beaa79e9e1423e504e78667f6
2022-12-19,49896.0,290.0,11.0,2022-12-19 21:30:00,b456dc9ae7459195ea86b7045824e272
2022-12-20,49896.0,290.0,11.0,2022-12-19 21:30:00,8a7f4f330fc139ba6c7001ff2a45046d
2022-12-21,49896.0,290.0,11.0,2022-12-19 21:30:00,2125b6c352fd3bee2055323dcfd217b2
2022-12-22,49896.0,290.0,11.0,2022-12-19 21:30:00,a66926ea3d09ea41f0aac650a54a3439
2022-12-23,49896.0,290.0,11.0,2022-12-19 21:30:00,1f948193f2e7c04ca5c3b70f039e9fe4
2022-12-24,49896.0,290.0,11.0,2022-12-19 21:30:00,9f80319f12fdbc826de2834d4e36ba47
2022-12-25,49896.0,290.0,11.0,2022-12-19 21:30:00,0640c80ad7e2bcdb33b6330636f5ffc3
2022-12-26,49896.0,290.0,11.0,2022-12-19 21:30:00,0725e5652dc1f80614275be94d6b9290
2022-12-27,49896.0,290.0,11.0,2022-12-19 21:30:00,51590694397e69b56a1a04502c7d2b22
2022-12-28,49896.0,290.0,11.0,2022-12-19 21:30:00,03b76ceb000d34adbdf5b8e72f071c86
2022-12-29,50140.0,233.0,11.0,2022-12-29 19:20:00,71182f69c0da71b517c3d15093f2be98
2022-12-30,50140.0,233.0,11.0,2022-12-29 19:20:00,3e2b0b389d80791c2da9911034f15a1d
2022-12-31,50140.0,233.0,11.0,2022-12-29 19:20:00,8f173cbeb52db3c8d79209978e2a60bf
2023-01-01,50140.0,233.0,11.0,2022-12-29 19:20:00,f4fab28ca980ec4d87e2ad400beba326
2023-01-02,50140.0,233.0,11.0,2022-12-29 19:20:00,60db59dca8fbbdbb59b53f810b324c31
2023-01-03,50339.0,258.0,11.0,2023-01-03 18:40:00,8838171e8fee208429db026e56134dc6
2023-01-04,50339.0,258.0,11.0,2023-01-03 18:40:00,4b7442117245b7ab3e8509aa56698b01
2023-01-05,50339.0,258.0,11.0,2023-01-03 18:40:00,1836f2129e066d0c7a169c4bd9c9d95a
2023-01-06,50339.0,258.0,11.0,2023-01-03 18:40:00,2479db816a31e1bf4ed36489b372255a
2023-01-07,50339.0,258.0,11.0,2023-01-03 18:40:00,851763ea2a1a80530146ea98fdb61d15
2023-01-08,50339.0,258.0,11.0,2023-01-03 18:40:00,2cc5999de1f16d430189ababcc39b12e
2023-01-09,50554.0,340.0,11.0,2023-01-09 18:30:00,7133bd2a5ff2c9ab5b2943cf6d0c41a5
2023-01-10,50554.0,340.0,11.0,2023-01-09 18:30:00,7aa2d1c246cf1128f56f4c70dbfdc82f
2023-01-11,50554.0,340.0,11.0,2023-01-09 18:30:00,0c751c189ae4a51d6d56cacd2e0bfb69
2023-01-12,50554.0,340.0,11.0,2023-01-09 18:30:00,ef5bf3f9d17ff9e2bcfaa81727acb10b
2023-01-13,50554.0,340.0,11.0,2023-01-09 18:30:00,eb0794c8cec9ae978fcd11f6877e7f28
2023-01-14,50554.0,340.0,11.0,2023-01-09 18:30:00,c1855c66ca78be79245b3af6af11a59a
2023-01-15,50554.0,340.0,11.0,2023-01-09 18:30:00,1a1a50c4169075af5982be1c51865643
2023-01-16,50554.0,340.0,11.0,2023-01-09 18:30:00,a1c398a5668102834c0b58b8ed60b6f5
2023-01-17,50910.0,354.0,11.0,2023-01-17 19:15:00,03478ab4771de6c9cda9037a2dc31d60
2023-01-18,50910.0,354.0,11.0,2023-01-17 19:15:00,665ed278f4e01909d37a4674db78576d
2023-01-19,50910.0,354.0,11.0,2023-01-17 19:15:00,08779f6aea7824c58563551b96b34d8e
2023-01-20,50910.0,354.0,11.0,2023-01-17 19:15:00,665ce5668aa52a892bc34e99dce9d168
2023-01-21,50910.0,354.0,11.0,2023-01-17 19:15:00,6d6d2669d05abd6c2076ace2ba41537a
2023-01-22,50910.0,354.0,11.0,2023-01-17 19:15:00,58480bb4efaa02aedd959bc08b0a919a
2023-01-23,50910.0,354.0,11.0,2023-01-17 19:15:00,6f33e3a4fd691c73e85193d894021517
2023-01-24,51049.0,237.0,11.0,2023-01-24 18:45:00,b5055bd39fab9d6626ae2828982b36cf
2023-01-25,51049.0,237.0,11.0,2023-01-24 18:45:00,930a439b6e17451c932f9b57968dc6b9
2023-01-26,51049.0,237.0,11.0,2023-01-24 18:45:00,7ca65c16732ce36379eb54a30a993fc5
2023-01-27,51049.0,237.0,11.0,2023-01-24 18:45:00,96dd3282999a12e9ba489aab64418ec3
2023-01-28,51049.0,237.0,11.0,2023-01-24 18:45:00,5dfc517873c5b45179b1457b5c85652b
2023-01-29,51049.0,237.0,11.0,2023-01-24 18:45:00,a09e51c0467c6f1cf326e7c3f69c760c
2023-01-30,51049.0,237.0,11.0,2023-01-24 18:45:00,c2a2665e1d8c5c50d46b89d64d1245c2
2023-01-31,51049.0,237.0,11.0,2023-01-24 18:45:00,e89e1f1872ec2b7c966d98b095db9154
2023-02-01,51049.0,237.0,11.0,2023-01-24 18:45:00,f4c8e3323e48559a4b91f16792e36ffb
2023-02-02,51192.0,126.0,11.0,2023-02-02 16:50:00,e7b41c6126f5583b00429caa2cef9bf1
2023-02-03,51192.0,126.0,11.0,2023-02-02 16:50:00,4e906934778a6ff12436721a228c0b4c
2023-02-04,51192.0,126.0,11.0,2023-02-02 16:50:00,243593d48144e169227ff5a9fbce68cf
2023-02-05,51192.0,126.0,11.0,2023-02-02 16:50:00,b2023eb86a0636fb678b8c46617a7c1e
2023-02-06,51219.0,112.0,11.0,2023-02-06 18:50:00,2cd4574d9738cdb976e571fd495fe280
2023-02-07,51219.0,112.0,11.0,2023-02-06 18:50:00,0fff303ed62492c7eb21236bcdf3f52b
2023-02-08,51219.0,112.0,11.0,2023-02-06 18:50:00,41d025fb151f4770a622916e8b5b2ef3
2023-02-09,51219.0,112.0,11.0,2023-02-06 18:50:00,6bdba32f13520a262a2af5d36be8df18
2023-02-10,51219.0,112.0,11.0,2023-02-06 18:50:00,2abe4bac8e6257fa3dfdec42b6c226e2
2023-02-11,51219.0,112.0,11.0,2023-02-06 18:50:00,1d101df994cc384d96985d8f15aad679
2023-02-12,51219.0,112.0,11.0,2023-02-06 18:50:00,c2778ff8e5fc7ec7e450e6db5de3ee79
2023-02-13,51355.0,167.0,11.0,2023-02-13 15:30:00,53e4ac8739b0ad54c4bdf3317685cdd4
2023-02-14,51355.0,167.0,11.0,2023-02-13 15:30:00,f1fbe17c2878a3afdb3cea390583879c
2023-02-15,51355.0,167.0,11.0,2023-02-13 15:30:00,20f93ad89d8493263f7783efe3a245ad
2023-02-16,51355.0,167.0,11.0,2023-02-13 15:30:00,fecf112d930d89c0f70b94e9963ee868
2023-02-17,51355.0,167.0,11.0,2023-02-13 15:30:00,b4641f645771cc011d97ea48fab64674
2023-02-18,51355.0,167.0,11.0,2023-02-13 15:30:00,938b17eb13f12e35c1b45e94eec938d3
2023-02-19,51355.0,167.0,11.0,2023-02-13 15:30:00,5d8ec588eb1914e841ba3dedecde80d1
2023-02-20,51355.0,167.0,11.0,2023-02-13 15:30:00,217340e5d54700e46a74e6ef0adfbeb6
2023-02-21,51460.0,126.0,11.0,2023-02-21 19:00:00,b532b6863b7120bca67662e20f826c3d
2023-02-22,51460.0,126.0,11.0,2023-02-21 19:00:00,a193dc8aa4211cb0b8352ce68aacd59d
2023-02-23,51460.0,126.0,11.0,2023-02-21 19:00:00,56d40df6c84e317d3e4ed68aa54cfdfa
2023-02-24,51460.0,126.0,11.0,2023-02-21 19:00:00,add7b23313682122a690d2136398f0f6
2023-02-25,51460.0,126.0,11.0,2023-02-21 19:00:00,36e93badd497eba6f2af7f8bacccb204
2023-02-26,51460.0,126.0,11.0,2023-02-21 19:00:00,1a339b81a14bc34dd13861ca6c1ccde9
2023-02-27,51460.0,126.0,11.0,2023-02-21 19:00:00,a7514172ca736d5714afa11517ca1b25
2023-02-28,51552.0,130.0,11.0,2023-02-28 16:00:00,d7dc8980147882f0be28f4483a04c210
2023-03-01,51552.0,130.0,11.0,2023-02-28 16:00:00,23c92c7e70bd8490cfde3df0fdacb622
2023-03-02,51552.0,130.0,11.0,2023-02-28 16:00:00,43552756183558063df482b4f2cca66e
2023-03-03,51552.0,130.0,11.0,2023-02-28 16:00:00,c91e6fdf89f12aebc8feef2e97927ec8
2023-03-04,51552.0,130.0,11.0,2023-02-28 16:00:00,e7a8b61eca6e6994b7576795c04627bd
2023-03-05,51552.0,130.0,11.0,2023-02-28 16:00:00,36f18c70ecd803fafec64b334f671648
2023-03-06,51552.0,130.0,11.0,2023-02-28 16:00:00,636d85c1e64ff080999e252f83cbe9af
2023-03-07,51658.0,121.0,11.0,2023-03-07 18:25:00,24da3e28be5520b6ad9df95b89fe3c79
2023-03-08,51658.0,121.0,11.0,2023-03-07 18:25:00,9e6e72aceaeb40739ee415484a87d919
2023-03-09,51658.0,121.0,11.0,2023-03-07 18:25:00,ef94d5aee041fb10669460037dc9b97b
2023-03-10,51658.0,121.0,11.0,2023-03-07 18:25:00,48e309073d205119c04d7b921b064735
2023-03-11,51658.0,121.0,11.0,2023-03-07 18:25:00,d4bc391fb6c1dd8f927022d157b0bf6d
2023-03-12,51658.0,121.0,11.0,2023-03-07 18:25:00,4d5fec9881c9b6873633c4a49d8c5e56
2023-03-13,51746.0,159.0,11.0,2023-03-13 21:30:00,aeed84cde593a83a68ca7972acd81397
2023-03-14,51746.0,159.0,11.0,2023-03-13 21:30:00,a43e44952255c51e6fe28e352bdfefb2
2023-03-15,51746.0,159.0,11.0,2023-03-13 21:30:00,9c7f349ea2f8bc3cdf15f8063cee830a
2023-03-16,51746.0,159.0,11.0,2023-03-13 21:30:00,a90c88e575c4895f9b6ff924315bc8ce
2023-03-17,51746.0,159.0,11.0,2023-03-13 21:30:00,69297ed2d2a1ab997acc9f6790760e6a
2023-03-18,51746.0,159.0,11.0,2023-03-13 21:30:00,e111d295e3abf6f2b61983a3efe711f8
2023-03-19,51746.0,159.0,11.0,2023-03-13 21:30:00,f9a892d913d48e5db608fa0276ab89c2
2023-03-20,51903.0,218.0,11.0,2023-03-20 18:10:00,07da33625b3442fb0a2181ffccdb87ad
2023-03-21,51903.0,218.0,11.0,2023-03-20 18:10:00,f0df55a60c89914cda9b101bfa04e13f
2023-03-22,51903.0,218.0,11.0,2023-03-20 18:10:00,59066f9d2f09a73dbf3ed1df8713e123
2023-03-23,51903.0,218.0,11.0,2023-03-20 18:10:00,95f41bcbf2cd8334bcf39b0238ec89f2
2023-03-24,51903.0,218.0,11.0,2023-03-20 18:10:00,5252f7ced2aaa812817dc932d122e2d3
2023-03-25,51903.0,218.0,11.0,2023-03-20 18:10:00,8bf214e0cd0e9642b6e03fbdf97cb6eb
2023-03-26,51903.0,218.0,11.0,2023-03-20 18:10:00,003d150c5a155185a9424dea750e13cd
2023-03-27,52109.0,264.0,11.0,2023-03-27 17:20:00,c56849a27949150de5fb077d529d5cea
2023-03-28,52109.0,264.0,11.0,2023-03-27 17:20:00,b14f89e6813000e40145f185ac248d39
2023-03-29,52109.0,264.0,11.0,2023-03-27 17:20:00,50864205ea9392b7151ba4326781b7fb
2023-03-30,52109.0,264.0,11.0,2023-03-27 17:20:00,3d15da0d3cf5d79066ea8d3e8b5d3c7e
2023-03-31,52109.0,264.0,11.0,2023-03-27 17:20:00,2bc8c0641aed695a22b4874c9fdd8b75
2023-04-01,52109.0,264.0,11.0,2023-03-27 17:20:00,bcb8ed65231e32a0ef79bbd3eafa21b0
2023-04-02,52109.0,264.0,11.0,2023-03-27 17:20:00,2b8509630e55bf2332913a1017eccca6
2023-04-03,52109.0,264.0,11.0,2023-03-27 17:20:00,be9788402eadc71041eadbeda128ff7b
2023-04-04,52344.0,293.0,11.0,2023-04-04 13:35:00,eb8f17209195411f95561b80fd0f113f
2023-04-05,52344.0,293.0,11.0,2023-04-04 13:35:00,139875b63aa98d1f5b050ada4b52112a
2023-04-06,52344.0,293.0,11.0,2023-04-04 13:35:00,eaaecfc154e5a201752fb529cfbc50e0
2023-04-07,52344.0,293.0,11.0,2023-04-04 13:35:00,3832a1d52224d5c9f62b7553768d62be
2023-04-08,52344.0,293.0,11.0,2023-04-04 13:35:00,25bfdf70364df8bf8244ddc24511c8a5
2023-04-09,52344.0,293.0,11.0,2023-04-04 13:35:00,a6e1431b81c4984f38d6d093c7bc0275
2023-04-10,52424.0,159.0,11.0,2023-04-10 17:20:00,f7b9698738f0b2e379e9661777dbc2a7
2023-04-11,52424.0,159.0,11.0,2023-04-10 17:20:00,16a831eda929d43af146d46e8dc99ee6
2023-04-12,52424.0,159.0,11.0,2023-04-10 17:20:00,25f7dcfc9c4a5a2a1fd6971e0b98dcc6
2023-04-13,52424.0,159.0,11.0,2023-04-10 17:20:00,e28c949606ea3f6a4fd3f39829da8b8c
2023-04-14,52424.0,159.0,11.0,2023-04-10 17:20:00,30e8991d08e710f8177dfa7008ac642f
2023-04-15,52424.0,159.0,11.0,2023-04-10 17:20:00,663dfb98cd3bb2da37182eeced4ab01f
2023-04-16,52424.0,159.0,11.0,2023-04-10 17:20:00,893f6c1377f906b432b6f6a6b397add6
2023-04-17,52535.0,166.0,11.0,2023-04-17 18:10:00,7a8dbbd872e3cce9e34d12755a2cd04c
2023-04-18,52535.0,166.0,11.0,2023-04-17 18:10:00,7174d8bd745de77cda6620969875cfc5
2023-04-19,52535.0,166.0,11.0,2023-04-17 18:10:00,c9f090866921bbb139d23b7d73996457
2023-04-20,52535.0,166.0,11.0,2023-04-17 18:10:00,28a0ba223f008749b65cda0004ad637d
2023-04-21,52535.0,166.0,11.0,2023-04-17 18:10:00,966c2bd80eb3b85a911574539bc87d3f
2023-04-22,52535.0,166.0,11.0,2023-04-17 18:10:00,445d732a106c8f283fbcf1b91802acbf
2023-04-23,52535.0,166.0,11.0,2023-04-17 18:10:00,d3c73642dcf2a1947b146123061c14b6
2023-04-24,52535.0,166.0,11.0,2023-04-17 18:10:00,00215679241c330a1ca411b6c67c2895
2023-04-25,52535.0,166.0,11.0,2023-04-17 18:10:00,064d079e7434d8331d39b5bbb5ede6e9
2023-04-26,52535.0,166.0,11.0,2023-04-17 18:10:00,39cd64648378af010dfffc7e9ac3999f
2023-04-27,52535.0,166.0,11.0,2023-04-17 18:10:00,3ecd9422d0261c07fb86cd66bd7ca190
2023-04-28,52535.0,166.0,11.0,2023-04-17 18:10:00,cfd34e2e30b92b52dc9ec8de16a24be5
2023-04-29,52535.0,166.0,11.0,2023-04-17 18:10:00,618e4a8159868a6f714a50c37d751f18
2023-04-30,52535.0,166.0,11.0,2023-04-17 18:10:00,dec2475b24d304c2a209467b082a83a5
2023-05-01,52714.0,140.0,11.0,2023-05-01 17:30:00,8dc136f2e9d0c4896c68542a8ef73ba7
2023-05-02,52714.0,140.0,11.0,2023-05-01 17:30:00,9fbe9a4529270662ae8ace02f987164c
2023-05-03,52714.0,140.0,11.0,2023-05-01 17:30:00,ba5eb840ceb9e669f5fec719f05f4051
2023-05-04,52714.0,140.0,11.0,2023-05-01 17:30:00,040dc066050c274f071f86415175e3cb
2023-05-05,52714.0,140.0,11.0,2023-05-01 17:30:00,eb4bc89e0cf0ca7660bace6c7b37d022
2023-05-06,52714.0,140.0,11.0,2023-05-01 17:30:00,b741dd16bb0d8beafb49e0f8e530092a
2023-05-07,52714.0,140.0,11.0,2023-05-01 17:30:00,1908bd5ec57c9d82f3cdf7b21c9a031b
2023-05-08,52714.0,140.0,11.0,2023-05-01 17:30:00,24fec00b492ae889cc8ecbf23cd12527
2023-05-09,52714.0,140.0,11.0,2023-05-01 17:30:00,51ebfc519fb60724079a94d66d831d57
2023-05-10,52714.0,140.0,11.0,2023-05-01 17:30:00,e79919701e8c8631db59bdc055d77381
2023-05-11,52714.0,140.0,11.0,2023-05-01 17:30:00,34328dc036e0d4dd0869efa0d44a5129
2023-05-12,52714.0,140.0,11.0,2023-05-01 17:30:00,b6670b25298f3e9b19f55a18dc84ea46
2023-05-13,52714.0,140.0,11.0,2023-05-01 17:30:00,63d1e234c8ae073f1176969c3655482d
2023-05-14,52714.0,140.0,11.0,2023-05-01 17:30:00,05ed44e313e73e85e3df29fb91e2cc05
2023-05-15,52714.0,140.0,11.0,2023-05-01 17:30:00,b592249393dabca1dab81302508bb3ab
2023-05-16,52714.0,140.0,11.0,2023-05-01 17:30:00,a55fb6aca133b1ed05597a70e6c25771
2023-05-17,52714.0,140.0,11.0,2023-05-01 17:30:00,eb08b6bc03ad827c025de4cdde129625
